Workbook

Sheet Summary
A1: Crafty Puns: Topical Map Summary
A2: Priorities are qualitative (competitor coverage + seasonality). Validate with keyword volumes in Semrush/Ahrefs before scheduling.
A4: Hub | B4: Pages | C4: P1 | D4: P2 | E4: P3 | F4: Live (verified)
A5: Animal Puns | B5: =COUNTIF('Topical Map'!$B:$B,$A5) -> 54 | C5: =COUNTIFS('Topical Map'!$B:$B,$A5,'Topical Map'!$H:$H,"P1") -> 3 | D5: =COUNTIFS('Topical Map'!$B:$B,$A5,'Topical Map'!$H:$H,"P2") -> 28 | E5: =COUNTIFS('Topical Map'!$B:$B,$A5,'Topical Map'!$H:$H,"P3") -> 23 | F5: =COUNTIFS('Topical Map'!$B:$B,$A5,'Topical Map'!$J:$J,"Live (verified)") -> 4
A6: Food & Drink Puns | B6: =COUNTIF('Topical Map'!$B:$B,$A6) -> 47 | C6: =COUNTIFS('Topical Map'!$B:$B,$A6,'Topical Map'!$H:$H,"P1") -> 6 | D6: =COUNTIFS('Topical Map'!$B:$B,$A6,'Topical Map'!$H:$H,"P2") -> 23 | E6: =COUNTIFS('Topical Map'!$B:$B,$A6,'Topical Map'!$H:$H,"P3") -> 18 | F6: =COUNTIFS('Topical Map'!$B:$B,$A6,'Topical Map'!$J:$J,"Live (verified)") -> 2
A7: Nature & Science Puns | B7: =COUNTIF('Topical Map'!$B:$B,$A7) -> 36 | C7: =COUNTIFS('Topical Map'!$B:$B,$A7,'Topical Map'!$H:$H,"P1") -> 1 | D7: =COUNTIFS('Topical Map'!$B:$B,$A7,'Topical Map'!$H:$H,"P2") -> 20 | E7: =COUNTIFS('Topical Map'!$B:$B,$A7,'Topical Map'!$H:$H,"P3") -> 15 | F7: =COUNTIFS('Topical Map'!$B:$B,$A7,'Topical Map'!$J:$J,"Live (verified)") -> 5
A8: Holiday & Event Puns | B8: =COUNTIF('Topical Map'!$B:$B,$A8) -> 27 | C8: =COUNTIFS('Topical Map'!$B:$B,$A8,'Topical Map'!$H:$H,"P1") -> 5 | D8: =COUNTIFS('Topical Map'!$B:$B,$A8,'Topical Map'!$H:$H,"P2") -> 14 | E8: =COUNTIFS('Topical Map'!$B:$B,$A8,'Topical Map'!$H:$H,"P3") -> 8 | F8: =COUNTIFS('Topical Map'!$B:$B,$A8,'Topical Map'!$J:$J,"Live (verified)") -> 0
A9: Object & Everyday Puns | B9: =COUNTIF('Topical Map'!$B:$B,$A9) -> 17 | C9: =COUNTIFS('Topical Map'!$B:$B,$A9,'Topical Map'!$H:$H,"P1") -> 0 | D9: =COUNTIFS('Topical Map'!$B:$B,$A9,'Topical Map'!$H:$H,"P2") -> 5 | E9: =COUNTIFS('Topical Map'!$B:$B,$A9,'Topical Map'!$H:$H,"P3") -> 12 | F9: =COUNTIFS('Topical Map'!$B:$B,$A9,'Topical Map'!$J:$J,"Live (verified)") -> 2
A10: Sport & Hobby Puns | B10: =COUNTIF('Topical Map'!$B:$B,$A10) -> 25 | C10: =COUNTIFS('Topical Map'!$B:$B,$A10,'Topical Map'!$H:$H,"P1") -> 1 | D10: =COUNTIFS('Topical Map'!$B:$B,$A10,'Topical Map'!$H:$H,"P2") -> 19 | E10: =COUNTIFS('Topical Map'!$B:$B,$A10,'Topical Map'!$H:$H,"P3") -> 5 | F10: =COUNTIFS('Topical Map'!$B:$B,$A10,'Topical Map'!$J:$J,"Live (verified)") -> 0
A11: Work & School Puns | B11: =COUNTIF('Topical Map'!$B:$B,$A11) -> 10 | C11: =COUNTIFS('Topical Map'!$B:$B,$A11,'Topical Map'!$H:$H,"P1") -> 0 | D11: =COUNTIFS('Topical Map'!$B:$B,$A11,'Topical Map'!$H:$H,"P2") -> 3 | E11: =COUNTIFS('Topical Map'!$B:$B,$A11,'Topical Map'!$H:$H,"P3") -> 7 | F11: =COUNTIFS('Topical Map'!$B:$B,$A11,'Topical Map'!$J:$J,"Live (verified)") -> 0
A12: Fantasy & Pop Culture Puns | B12: =COUNTIF('Topical Map'!$B:$B,$A12) -> 8 | C12: =COUNTIFS('Topical Map'!$B:$B,$A12,'Topical Map'!$H:$H,"P1") -> 0 | D12: =COUNTIFS('Topical Map'!$B:$B,$A12,'Topical Map'!$H:$H,"P2") -> 4 | E12: =COUNTIFS('Topical Map'!$B:$B,$A12,'Topical Map'!$H:$H,"P3") -> 4 | F12: =COUNTIFS('Topical Map'!$B:$B,$A12,'Topical Map'!$J:$J,"Live (verified)") -> 0
A13: People & Relationship Puns | B13: =COUNTIF('Topical Map'!$B:$B,$A13) -> 13 | C13: =COUNTIFS('Topical Map'!$B:$B,$A13,'Topical Map'!$H:$H,"P1") -> 1 | D13: =COUNTIFS('Topical Map'!$B:$B,$A13,'Topical Map'!$H:$H,"P2") -> 6 | E13: =COUNTIFS('Topical Map'!$B:$B,$A13,'Topical Map'!$H:$H,"P3") -> 6 | F13: =COUNTIFS('Topical Map'!$B:$B,$A13,'Topical Map'!$J:$J,"Live (verified)") -> 0
A14: Word & Name Puns | B14: =COUNTIF('Topical Map'!$B:$B,$A14) -> 8 | C14: =COUNTIFS('Topical Map'!$B:$B,$A14,'Topical Map'!$H:$H,"P1") -> 1 | D14: =COUNTIFS('Topical Map'!$B:$B,$A14,'Topical Map'!$H:$H,"P2") -> 5 | E14: =COUNTIFS('Topical Map'!$B:$B,$A14,'Topical Map'!$H:$H,"P3") -> 2 | F14: =COUNTIFS('Topical Map'!$B:$B,$A14,'Topical Map'!$J:$J,"Live (verified)") -> 0
A15: Total topic pages | B15: =SUM(B5:B14) -> 245 | C15: =SUM(C5:C14) -> 18 | D15: =SUM(D5:D14) -> 127 | E15: =SUM(E5:E14) -> 100 | F15: =SUM(F5:F14) -> 13
A17: Use hub pages | B17: =COUNTA('Use Hubs'!A:A)-1 -> 13
A18: Outer section pages | B18: =COUNTA('Outer Section'!A:A)-1 -> 19
A19: Grand total pages | B19: =B15+B17+B18 -> 277
A21: Legend
A22: P1 | B22: Evergreen head topics every major pun site covers, or high-value use hubs. Build first.
A23: P2 | B23: Secondary topics with clear demand. Build after P1 hubs are complete.
A24: P3 | B24: Long-tail topics. Build to push topical coverage past 60%.
A25: Live (verified) | B25: Seen indexed on craftypuns.net during this research. Other existing pages may not be marked; update column J.
A26: Editable cells | B26: Topical Map columns H (Priority) and J (Status) have dropdowns; the Summary updates automatically.
A27: [N]+ counts | B27: Targets by priority (P1 200+, P2 150+, P3 100+). Change H1, meta title and description to the page's real count before publishing.
A28: Length checks | B28: Title Length turns red above 60 characters; Desc Length turns red above 155.
A30: Posts vs Pages
A31: Topic posts | B31: =COUNTA('Topical Map'!D:D)-1 -> 245
A32: Use hub posts | B32: =COUNTA('Use Hubs'!A:A)-1 -> 13
A33: Outer section posts | B33: =COUNTA('Outer Section'!A:A)-1 -> 19
A34: Total posts | B34: =SUM(B31:B33) -> 277
A35: Hub pages | B35: =COUNTIF('Site Pages'!A:A,"Hub") -> 10
A36: Sub-hub pages (new) | B36: =COUNTIFS('Site Pages'!A:A,"Sub-hub",'Site Pages'!D:D,"Page") -> 29
A37: Section / tool pages | B37: =COUNTIF('Site Pages'!A:A,"Section / Tool") -> 5
A38: Static pages | B38: =COUNTIF('Site Pages'!A:A,"Static") -> 9
A39: Total pages | B39: =SUM(B35:B38) -> 53
A40: Grand total URLs | B40: =B34+B39 -> 330

Sheet Site Pages
A1: Type | B1: Page | C1: URL Slug | D1: WP Type | E1: Status | F1: Notes
A2: Hub | B2: Animal Puns | C2: /animal-puns/ | D2: Page | E2: New | F2: Lists all 7 sub-hubs; mega-menu entry
A3: Sub-hub | B3: Pet Puns | C3: /pet-puns/ | D3: Page | E3: New | F3: Links to its 6 topic posts
A4: Sub-hub | B4: Farm Animal Puns | C4: /farm-animal-puns/ | D4: Page | E4: New | F4: Links to its 10 topic posts
A5: Sub-hub | B5: Wild Animal Puns | C5: /wild-animal-puns/ | D5: Page | E5: New | F5: Links to its 14 topic posts
A6: Sub-hub | B6: Bird Puns | C6: /bird-puns/ | D6: Page | E6: New | F6: Links to its 4 topic posts
A7: Sub-hub | B7: Sea Creature Puns | C7: /sea-creature-puns/ | D7: Page | E7: New | F7: Links to its 9 topic posts
A8: Sub-hub | B8: Insect & Bug Puns | C8: /insect-and-bug-puns/ | D8: Page | E8: New | F8: Links to its 6 topic posts
A9: Sub-hub | B9: Reptile & Amphibian Puns | C9: /reptile-and-amphibian-puns/ | D9: Page | E9: New | F9: Links to its 5 topic posts
A10: Hub | B10: Food & Drink Puns | C10: /food-and-drink-puns/ | D10: Page | E10: New | F10: Lists all 5 sub-hubs; mega-menu entry
A11: Sub-hub | B11: Fruit Puns | C11: /fruit-puns/ | D11: Page | E11: New | F11: Links to its 12 topic posts
A12: Sub-hub | B12: Vegetable Puns | C12: /vegetable-puns/ | D12: Page | E12: New | F12: Links to its 8 topic posts
... A62: Static | B62: DMCA | C62: /dmca/ | D62: Page | E62: Recommended | F62: Footer link

Sheet Header & Footer
A1: Site Header & Footer
A2: Slugs match the Topical Map / Site Pages tabs. Update here first if a slug changes.
A4: HEADER
A5: Label | B5: Type | C5: Slug | D5: Notes
A6: Puns | B6: mega menu | D6: Top-level nav item; opens mega menu
A7: ↳ By Topic | B7: sub-heading | D7: Lists the 10 hubs below
A8: ↳ Animal Puns | B8: link | C8: /animal-puns/ | D8: Hub page
A9: ↳ Food & Drink Puns | B9: link | C9: /food-and-drink-puns/ | D9: Hub page
A10: ↳ Nature & Science Puns | B10: link | C10: /nature-and-science-puns/ | D10: Hub page
A11: ↳ Holiday & Event Puns | B11: link | C11: /holiday-and-event-puns/ | D11: Hub page
A12: ↳ People & Relationship Puns | B12: link | C12: /people-and-relationship-puns/ | D12: Hub page
A13: ↳ Object & Everyday Puns | B13: link | C13: /object-and-everyday-puns/ | D13: Hub page
A14: ↳ Sport & Hobby Puns | B14: link | C14: /sport-and-hobby-puns/ | D14: Hub page
A15: ↳ Work & School Puns | B15: link | C15: /work-and-school-puns/ | D15: Hub page
A16: ↳ Fantasy & Pop Culture Puns | B16: link | C16: /fantasy-and-pop-culture-puns/ | D16: Hub page
A17: ↳ Word & Name Puns | B17: link | C17: /word-and-name-puns/ | D17: Hub page
A18: ↳ By Use | B18: sub-heading | D18: Lists the top use hubs
A19: ↳ Puns for Instagram Captions | B19: link | C19: /puns-for-instagram-captions/ | D19: Use hub
A20: ↳ Puns for Kids | B20: link | C20: /puns-for-kids/ | D20: Use hub
A21: ↳ Love Puns | B21: link | C21: /love-puns/ | D21: Use hub
A22: ↳ Dad Joke Puns | B22: link | C22: /dad-joke-puns/ | D22: Use hub
A23: ↳ Best Puns of All Time | B23: link | C23: /best-puns/ | D23: Use hub
A24: ↳ Learn | B24: sub-heading | D24: Outer section
A25: ↳ What Is a Pun? | B25: link | C25: /what-is-a-pun/ | D25: Outer page
A26: ↳ Types of Puns | B26: link | C26: /types-of-puns/ | D26: Outer page
A27: Riddles | B27: link | C27: /riddles/ | D27: Existing section
A28: Meanings | B28: link | C28: /meanings/ | D28: Existing section
A29: Pun Generator | B29: button | C29: /pun-generator/ | D29: Styled apart from the rest; right side of nav
A32: FOOTER
A33: Column / Zone | B33: Label | C33: Type | D33: Slug | E33: Notes
A34: Brand | B34: Logo | C34: logo | E34: Links to homepage
A35: Brand | B35: Tagline | C35: text | E35: "Crafty Puns is a wordplay library of original puns, riddles, and a free Pun Generator."
A36: Brand | B36: Pinterest | C36: social | D36: https://www.pinterest.com/craftypuns/ | E36: Existing account
A37: Brand | B37: Facebook | C37: social | E37: Add if active
A38: Brand | B38: Instagram | C38: social | E38: Add if active
A39: Popular Hubs | B39: Animal Puns | C39: link | D39: /animal-puns/
A40: Popular Hubs | B40: Food & Drink Puns | C40: link | D40: /food-and-drink-puns/
A41: Popular Hubs | B41: Holiday & Event Puns | C41: link | D41: /holiday-and-event-puns/
A42: Popular Hubs | B42: People & Relationship Puns | C42: link | D42: /people-and-relationship-puns/
A43: Popular Hubs | B43: Puns for Instagram Captions | C43: link | D43: /puns-for-instagram-captions/
A44: Popular Hubs | B44: Puns for Kids | C44: link | D44: /puns-for-kids/
A45: Explore | B45: Pun Generator | C45: link | D45: /pun-generator/
A46: Explore | B46: Riddles | C46: link | D46: /riddles/
A47: Explore | B47: Meanings | C47: link | D47: /meanings/
A48: Explore | B48: What Is a Pun? | C48: link | D48: /what-is-a-pun/
A49: Explore | B49: Types of Puns | C49: link | D49: /types-of-puns/
A50: Company | B50: About Us | C50: link | D50: /about-us/ | E50: Required
A51: Company | B51: Our Authors | C51: link | D51: /our-authors/ | E51: Recommended
A52: Company | B52: Editorial Guidelines | C52: link | D52: /editorial-guidelines/ | E52: Recommended
A53: Company | B53: Contact | C53: link | D53: /contact/ | E53: Required
A54: Bottom bar | B54: © 2026 Crafty Puns | C54: text
A55: Bottom bar | B55: Privacy Policy | C55: link | D55: /privacy-policy/ | E55: Required
A56: Bottom bar | B56: Terms & Conditions | C56: link | D56: /terms-and-conditions/ | E56: Required
A57: Bottom bar | B57: Disclaimer | C57: link | D57: /disclaimer/ | E57: Required
A58: Bottom bar | B58: Cookie Policy | C58: link | D58: /cookie-policy/ | E58: Required (can merge into Privacy Policy)
A59: Bottom bar | B59: DMCA | C59: link | D59: /dmca/ | E59: Recommended
A61: Rules
A62: - Footer links go to hubs / use-hubs only, never individual topic posts (~20-25 links total).
A63: - Descriptive anchors: 'Animal Puns', not 'Animals'.
A64: - No rotating 'Latest' widgets in the footer.
A65: - Add Organization schema (name, logo, sameAs) on the brand block.
A66: - Header: a mega menu (2-3 columns) once hub count passes ~6, not one long dropdown.

Sheet Topical Map
A1: # | B1: Hub | C1: Sub-hub | D1: Page | E1: Target Query | F1: URL Slug | G1: Section | H1: Priority | I1: Seasonality | J1: Status on craftypuns.net | K1: Contextual Bridges | L1: Notes | M1: H1 Title | N1: Meta Title | O1: Title Length | P1: Meta Description | Q1: Desc Length
A2: 1 | B2: Animal Puns | C2: Pet Puns | D2: Cat Puns | E2: cat puns | F2: /cat-puns/ | G2: Core | H2: P1 | I2: Evergreen | J2: Not verified | K2: Up: Pet Puns → Animal Puns | Across: Dog Puns, Rabbit Puns | M2: 200+ Cat Puns That Are Purr-fectly Funny | N2: 200+ Cat Puns: One-Liners, Captions & Jokes | O2: =LEN(N2) -> 43 | P2: Laugh with 200+ cat puns: one-liners, Instagram captions, love and kids puns, plus cat jokes. Copy a favorite or make your own with our Pun Generator. | Q2: =LEN(P2) -> 150
A3: 2 | B3: Animal Puns | C3: Pet Puns | D3: Dog Puns | E3: dog puns | F3: /dog-puns/ | G3: Core | H3: P1 | I3: Evergreen | J3: Not verified | K3: Up: Pet Puns → Animal Puns | Across: Cat Puns, Rabbit Puns | M3: 200+ Dog Puns That Are Paw-sitively Hilarious | N3: 200+ Dog Puns: One-Liners, Captions & Jokes | O3: =LEN(N3) -> 43 | P3: Laugh with 200+ dog puns: one-liners, Instagram captions, love and kids puns, plus dog jokes. Copy a favorite or make your own with our Pun Generator. | Q3: =LEN(P3) -> 150
A4: 3 | B4: Animal Puns | C4: Pet Puns | D4: Rabbit Puns | E4: rabbit puns | F4: /rabbit-puns/ | G4: Core | H4: P2 | I4: Easter | J4: Live (verified) | K4: Up: Pet Puns → Animal Puns | Across: Cat Puns, Dog Puns | Seasonal: Easter hub | L4: Use one page for Rabbit/Bunny; Bunny as alias. | M4: 150+ Rabbit Puns That Are Hare-larious | N4: 150+ Rabbit Puns: One-Liners, Captions & Jokes | O4: =LEN(N4) -> 46 | P4: 150+ rabbit puns: one-liners, Instagram captions, love and kids puns. Copy a favorite or make your own with our free Pun Generator. | Q4: =LEN(P4) -> 131
A5: 4 | B5: Animal Puns | C5: Pet Puns | D5: Hamster Puns | E5: hamster puns | F5: /hamster-puns/ | G5: Core | H5: P3 | I5: Evergreen | J5: Not verified | K5: Up: Pet Puns → Animal Puns | Across: Cat Puns, Dog Puns | M5: 100+ Hamster Puns That Keep the Wheel Spinning | N5: 100+ Hamster Puns: One-Liners, Captions & Jokes | O5: =LEN(N5) -> 47 | P5: 100+ hamster puns: one-liners, Instagram captions, love and kids puns. Copy a favorite or make your own with our free Pun Generator. | Q5: =LEN(P5) -> 132
A6: 5 | B6: Animal Puns | C6: Pet Puns | D6: Parrot Puns | E6: parrot puns | F6: /parrot-puns/ | G6: Core | H6: P3 | I6: Evergreen | J6: Not verified | K6: Up: Pet Puns → Animal Puns | Across: Cat Puns, Dog Puns | M6: 100+ Parrot Puns Worth Repeating | N6: 100+ Parrot Puns: One-Liners, Captions & Jokes | O6: =LEN(N6) -> 46 | P6: 100+ parrot puns: one-liners, Instagram captions, love and kids puns. Copy a favorite or make your own with our free Pun Generator. | Q6: =LEN(P6) -> 131
A7: 6 | B7: Animal Puns | C7: Pet Puns | D7: Goldfish Puns | E7: goldfish puns | F7: /goldfish-puns/ | G7: Core | H7: P3 | I7: Evergreen | J7: Not verified | K7: Up: Pet Puns → Animal Puns | Across: Cat Puns, Dog Puns | M7: 100+ Goldfish Puns That Are Pure Gold | N7: 100+ Goldfish Puns: One-Liners, Captions & Jokes | O7: =LEN(N7) -> 48 | P7: 100+ goldfish puns: one-liners, Instagram captions, love and kids puns. Copy a favorite or make your own with our free Pun Generator. | Q7: =LEN(P7) -> 133
A8: 7 | B8: Animal Puns | C8: Farm Animal Puns | D8: Cow Puns | E8: cow puns | F8: /cow-puns/ | G8: Core | H8: P2 | I8: Evergreen | J8: Not verified | K8: Up: Farm Animal Puns → Animal Puns | Across: Pig Puns, Chicken Puns | M8: 150+ Cow Puns That Are Udderly Hilarious | N8: 150+ Cow Puns: One-Liners, Captions & Jokes | O8: =LEN(N8) -> 43 | P8: Laugh with 150+ cow puns: one-liners, Instagram captions, love and kids puns, plus cow jokes. Copy a favorite or make your own with our Pun Generator. | Q8: =LEN(P8) -> 150
A9: 8 | B9: Animal Puns | C9: Farm Animal Puns | D9: Pig Puns | E9: pig puns | F9: /pig-puns/ | G9: Core | H9: P2 | I9: Evergreen | J9: Not verified | K9: Up: Farm Animal Puns → Animal Puns | Across: Cow Puns, Chicken Puns | M9: 150+ Pig Puns That Are Hog-Wild Funny | N9: 150+ Pig Puns: One-Liners, Captions & Jokes | O9: =LEN(N9) -> 43 | P9: Laugh with 150+ pig puns: one-liners, Instagram captions, love and kids puns, plus pig jokes. Copy a favorite or make your own with our Pun Generator. | Q9: =LEN(P9) -> 150
A10: 9 | B10: Animal Puns | C10: Farm Animal Puns | D10: Chicken Puns | E10: chicken puns | F10: /chicken-puns/ | G10: Core | H10: P2 | I10: Evergreen | J10: Not verified | K10: Up: Farm Animal Puns → Animal Puns | Across: Cow Puns, Pig Puns | M10: 150+ Chicken Puns That Are Egg-stra Funny | N10: 150+ Chicken Puns: One-Liners, Captions & Jokes | O10: =LEN(N10) -> 47 | P10: 150+ chicken puns: one-liners, Instagram captions, love and kids puns. Copy a favorite or make your own with our free Pun Generator. | Q10: =LEN(P10) -> 132
A11: 10 | B11: Animal Puns | C11: Farm Animal Puns | D11: Sheep Puns | E11: sheep puns | F11: /sheep-puns/ | G11: Core | H11: P2 | I11: Evergreen | J11: Not verified | K11: Up: Farm Animal Puns → Animal Puns | Across: Cow Puns, Pig Puns | M11: 150+ Sheep Puns That Are Shear Genius | N11: 150+ Sheep Puns: One-Liners, Captions & Jokes | O11: =LEN(N11) -> 45 | P11: Laugh with 150+ sheep puns: one-liners, Instagram captions, love and kids puns, plus sheep jokes. Copy a favorite or make your own with our Pun Generator. | Q11: =LEN(P11) -> 154
A12: 11 | B12: Animal Puns | C12: Farm Animal Puns | D12: Goat Puns | E12: goat puns | F12: /goat-puns/ | G12: Core | H12: P2 | I12: Evergreen | J12: Not verified | K12: Up: Farm Animal Puns → Animal Puns | Across: Cow Puns, Pig Puns | M12: 150+ Goat Puns That Are the G.O.A.T. | N12: 150+ Goat Puns: One-Liners, Captions & Jokes | O12: =LEN(N12) -> 44 | P12: Laugh with 150+ goat puns: one-liners, Instagram captions, love and kids puns, plus goat jokes. Copy a favorite or make your own with our Pun Generator. | Q12: =LEN(P12) -> 152
A13: 12 | B13: Animal Puns | C13: Farm Animal Puns | D13: Horse Puns | E13: horse puns | F13: /horse-puns/ | G13: Core | H13: P2 | I13: Evergreen | J13: Not verified | K13: Up: Farm Animal Puns → Animal Puns | Across: Cow Puns, Pig Puns | M13: 150+ Horse Puns That Are Unbridled Fun | N13: 150+ Horse Puns: One-Liners, Captions & Jokes | O13: =LEN(N13) -> 45 | P13: Laugh with 150+ horse puns: one-liners, Instagram captions, love and kids puns, plus horse jokes. Copy a favorite or make your own with our Pun Generator. | Q13: =LEN(P13) -> 154
A14: 13 | B14: Animal Puns | C14: Farm Animal Puns | D14: Llama Puns | E14: llama puns | F14: /llama-puns/ | G14: Core | H14: P2 | I14: Evergreen | J14: Not verified | K14: Up: Farm Animal Puns → Animal Puns | Across: Cow Puns, Pig Puns | M14: 150+ Llama Puns That Are Llama-zing | N14: 150+ Llama Puns: One-Liners, Captions & Jokes | O14: =LEN(N14) -> 45 | P14: Laugh with 150+ llama puns: one-liners, Instagram captions, love and kids puns, plus llama jokes. Copy a favorite or make your own with our Pun Generator. | Q14: =LEN(P14) -> 154
A15: 14 | B15: Animal Puns | C15: Farm Animal Puns | D15: Duck Puns | E15: duck puns | F15: /duck-puns/ | G15: Core | H15: P2 | I15: Evergreen | J15: Live (verified) | K15: Up: Farm Animal Puns → Animal Puns | Across: Cow Puns, Pig Puns | M15: 150+ Duck Puns That Are Totally Quackers | N15: 150+ Duck Puns: One-Liners, Captions & Jokes | O15: =LEN(N15) -> 44 | P15: Laugh with 150+ duck puns: one-liners, Instagram captions, love and kids puns, plus duck jokes. Copy a favorite or make your own with our Pun Generator. | Q15: =LEN(P15) -> 152
A16: 15 | B16: Animal Puns | C16: Farm Animal Puns | D16: Goose Puns | E16: goose puns | F16: /goose-puns/ | G16: Core | H16: P3 | I16: Evergreen | J16: Live (verified) | K16: Up: Farm Animal Puns → Animal Puns | Across: Cow Puns, Pig Puns | M16: 100+ Goose Puns Worth Honking About | N16: 100+ Goose Puns: One-Liners, Captions & Jokes | O16: =LEN(N16) -> 45 | P16: Laugh with 100+ goose puns: one-liners, Instagram captions, love and kids puns, plus goose jokes. Copy a favorite or make your own with our Pun Generator. | Q16: =LEN(P16) -> 154
... A44: 43 | B44: Animal Puns | C44: Sea Creature Puns | D44: Squid Puns | E44: squid puns | F44: /squid-puns/ | G44: Core | H44: P3 | I44: Evergreen | J44: Not verified | K44: Up: Sea Creature Puns → Animal Puns | Across: Fish Puns, Shark Puns | M44: 100+ Squid Puns That Are Squid-diculous | N44: 100+ Squid Puns: One-Liners, Captions & Jokes | O44: =LEN(N44) -> 45 | P44: Laugh with 100+ squid puns: one-liners, Instagram captions, love and kids puns, plus squid jokes. Copy a favorite or make your own with our Pun Generator. | Q44: =LEN(P44) -> 154
A45: 44 | B45: Animal Puns | C45: Insect & Bug Puns | D45: Bee Puns | E45: bee puns | F45: /bee-puns/ | G45: Core | H45: P2 | I45: Evergreen | J45: Live (verified) | K45: Up: Insect & Bug Puns → Animal Puns | Across: Butterfly Puns, Ant Puns | L45: Live page is thin (46 items); expand. | M45: 150+ Bee Puns Worth Buzzing About | N45: 150+ Bee Puns: One-Liners, Captions & Jokes | O45: =LEN(N45) -> 43 | P45: Laugh with 150+ bee puns: one-liners, Instagram captions, love and kids puns, plus bee jokes. Copy a favorite or make your own with our Pun Generator. | Q45: =LEN(P45) -> 150
A46: 45 | B46: Animal Puns | C46: Insect & Bug Puns | D46: Butterfly Puns | E46: butterfly puns | F46: /butterfly-puns/ | G46: Core | H46: P3 | I46: Spring | J46: Not verified | K46: Up: Insect & Bug Puns → Animal Puns | Across: Bee Puns, Ant Puns | Seasonal: Spring hub | M46: 100+ Butterfly Puns That Will Give You Butterflies | N46: 100+ Butterfly Puns: One-Liners, Captions & Jokes | O46: =LEN(N46) -> 49 | P46: 100+ butterfly puns: one-liners, Instagram captions, love and kids puns. Copy a favorite or make your own with our free Pun Generator. | Q46: =LEN(P46) -> 134
A47: 46 | B47: Animal Puns | C47: Insect & Bug Puns | D47: Ant Puns | E47: ant puns | F47: /ant-puns/ | G47: Core | H47: P3 | I47: Evergreen | J47: Not verified | K47: Up: Insect & Bug Puns → Animal Puns | Across: Bee Puns, Butterfly Puns | M47: 100+ Ant Puns That Are Ant-stoppable | N47: 100+ Ant Puns: One-Liners, Captions & Jokes | O47: =LEN(N47) -> 43 | P47: Laugh with 100+ ant puns: one-liners, Instagram captions, love and kids puns, plus ant jokes. Copy a favorite or make your own with our Pun Generator. | Q47: =LEN(P47) -> 150
A48: 47 | B48: Animal Puns | C48: Insect & Bug Puns | D48: Spider Puns | E48: spider puns | F48: /spider-puns/ | G48: Core | H48: P3 | I48: Halloween | J48: Not verified | K48: Up: Insect & Bug Puns → Animal Puns | Across: Bee Puns, Butterfly Puns | Seasonal: Halloween hub | M48: 100+ Spider Puns That Are Web-tastic | N48: 100+ Spider Puns: One-Liners, Captions & Jokes | O48: =LEN(N48) -> 46 | P48: 100+ spider puns: one-liners, Instagram captions, love and kids puns. Copy a favorite or make your own with our free Pun Generator. | Q48: =LEN(P48) -> 131
A49: 48 | B49: Animal Puns | C49: Insect & Bug Puns | D49: Snail Puns | E49: snail puns | F49: /snail-puns/ | G49: Core | H49: P3 | I49: Evergreen | J49: Not verified | K49: Up: Insect & Bug Puns → Animal Puns | Across: Bee Puns, Butterfly Puns | M49: 100+ Snail Puns Out of Their Shell | N49: 100+ Snail Puns: One-Liners, Captions & Jokes | O49: =LEN(N49) -> 45 | P49: Laugh with 100+ snail puns: one-liners, Instagram captions, love and kids puns, plus snail jokes. Copy a favorite or make your own with our Pun Generator. | Q49: =LEN(P49) -> 154
A50: 49 | B50: Animal Puns | C50: Insect & Bug Puns | D50: Ladybug Puns | E50: ladybug puns | F50: /ladybug-puns/ | G50: Core | H50: P3 | I50: Evergreen | J50: Not verified | K50: Up: Insect & Bug Puns → Animal Puns | Across: Bee Puns, Butterfly Puns | M50: 100+ Ladybug Puns That Are Spot-On | N50: 100+ Ladybug Puns: One-Liners, Captions & Jokes | O50: =LEN(N50) -> 47 | P50: 100+ ladybug puns: one-liners, Instagram captions, love and kids puns. Copy a favorite or make your own with our free Pun Generator. | Q50: =LEN(P50) -> 132
A51: 50 | B51: Animal Puns | C51: Reptile & Amphibian Puns | D51: Frog Puns | E51: frog puns | F51: /frog-puns/ | G51: Core | H51: P2 | I51: Evergreen | J51: Not verified | K51: Up: Reptile & Amphibian Puns → Animal Puns | Across: Snake Puns, Dinosaur Puns | M51: 150+ Frog Puns That Are Toad-ally Hilarious | N51: 150+ Frog Puns: One-Liners, Captions & Jokes | O51: =LEN(N51) -> 44 | P51: Laugh with 150+ frog puns: one-liners, Instagram captions, love and kids puns, plus frog jokes. Copy a favorite or make your own with our Pun Generator. | Q51: =LEN(P51) -> 152
A52: 51 | B52: Animal Puns | C52: Reptile & Amphibian Puns | D52: Snake Puns | E52: snake puns | F52: /snake-puns/ | G52: Core | H52: P2 | I52: Evergreen | J52: Not verified | K52: Up: Reptile & Amphibian Puns → Animal Puns | Across: Frog Puns, Dinosaur Puns | M52: 150+ Snake Puns That Are Hiss-terical | N52: 150+ Snake Puns: One-Liners, Captions & Jokes | O52: =LEN(N52) -> 45 | P52: Laugh with 150+ snake puns: one-liners, Instagram captions, love and kids puns, plus snake jokes. Copy a favorite or make your own with our Pun Generator. | Q52: =LEN(P52) -> 154
A53: 52 | B53: Animal Puns | C53: Reptile & Amphibian Puns | D53: Dinosaur Puns | E53: dinosaur puns | F53: /dinosaur-puns/ | G53: Core | H53: P2 | I53: Evergreen | J53: Not verified | K53: Up: Reptile & Amphibian Puns → Animal Puns | Across: Frog Puns, Snake Puns | M53: 150+ Dinosaur Puns That Are Dino-mite | N53: 150+ Dinosaur Puns: One-Liners, Captions & Jokes | O53: =LEN(N53) -> 48 | P53: 150+ dinosaur puns: one-liners, Instagram captions, love and kids puns. Copy a favorite or make your own with our free Pun Generator. | Q53: =LEN(P53) -> 133
A54: 53 | B54: Animal Puns | C54: Reptile & Amphibian Puns | D54: Lizard Puns | E54: lizard puns | F54: /lizard-puns/ | G54: Core | H54: P3 | I54: Evergreen | J54: Not verified | K54: Up: Reptile & Amphibian Puns → Animal Puns | Across: Frog Puns, Snake Puns | M54: 100+ Lizard Puns That Are Scale-tastic | N54: 100+ Lizard Puns: One-Liners, Captions & Jokes | O54: =LEN(N54) -> 46 | P54: 100+ lizard puns: one-liners, Instagram captions, love and kids puns. Copy a favorite or make your own with our free Pun Generator. | Q54: =LEN(P54) -> 131
A55: 54 | B55: Animal Puns | C55: Reptile & Amphibian Puns | D55: Alligator Puns | E55: alligator puns | F55: /alligator-puns/ | G55: Core | H55: P3 | I55: Evergreen | J55: Not verified | K55: Up: Reptile & Amphibian Puns → Animal Puns | Across: Frog Puns, Snake Puns | M55: 100+ Alligator Puns to Share Later, Alligator | N55: 100+ Alligator Puns: One-Liners, Captions & Jokes | O55: =LEN(N55) -> 49 | P55: 100+ alligator puns: one-liners, Instagram captions, love and kids puns. Copy a favorite or make your own with our free Pun Generator. | Q55: =LEN(P55) -> 134
A56: 55 | B56: Food & Drink Puns | C56: Fruit Puns | D56: Apple Puns | E56: apple puns | F56: /apple-puns/ | G56: Core | H56: P2 | I56: Fall | J56: Not verified | K56: Up: Fruit Puns → Food & Drink Puns | Across: Banana Puns, Orange Puns | Seasonal: Fall hub | M56: 150+ Apple Puns That Are Funny to the Core | N56: 150+ Apple Puns: One-Liners, Captions & Jokes | O56: =LEN(N56) -> 45 | P56: Laugh with 150+ apple puns: one-liners, Instagram captions, love and kids puns, plus apple jokes. Copy a favorite or make your own with our Pun Generator. | Q56: =LEN(P56) -> 154
A57: 56 | B57: Food & Drink Puns | C57: Fruit Puns | D57: Banana Puns | E57: banana puns | F57: /banana-puns/ | G57: Core | H57: P2 | I57: Evergreen | J57: Not verified | K57: Up: Fruit Puns → Food & Drink Puns | Across: Apple Puns, Orange Puns | M57: 150+ Banana Puns That Will Drive You Bananas | N57: 150+ Banana Puns: One-Liners, Captions & Jokes | O57: =LEN(N57) -> 46 | P57: 150+ banana puns: one-liners, Instagram captions, love and kids puns. Copy a favorite or make your own with our free Pun Generator. | Q57: =LEN(P57) -> 131
... A69: 68 | B69: Food & Drink Puns | C69: Vegetable Puns | D69: Corn Puns | E69: corn puns | F69: /corn-puns/ | G69: Core | H69: P2 | I69: Fall | J69: Live (verified) | K69: Up: Vegetable Puns → Food & Drink Puns | Across: Potato Puns, Pumpkin Puns | Seasonal: Fall hub | M69: 150+ Corn Puns That Are A-maize-ing | N69: 150+ Corn Puns: One-Liners, Captions & Jokes | O69: =LEN(N69) -> 44 | P69: Laugh with 150+ corn puns: one-liners, Instagram captions, love and kids puns, plus corn jokes. Copy a favorite or make your own with our Pun Generator. | Q69: =LEN(P69) -> 152
A70: 69 | B70: Food & Drink Puns | C70: Vegetable Puns | D70: Pumpkin Puns | E70: pumpkin puns | F70: /pumpkin-puns/ | G70: Core | H70: P2 | I70: Halloween | J70: Not verified | K70: Up: Vegetable Puns → Food & Drink Puns | Across: Potato Puns, Corn Puns | Seasonal: Halloween hub | L70: Seasonal; also bridge to Vegetable Puns. | M70: 150+ Pumpkin Puns That Are Gourd-geous | N70: 150+ Pumpkin Puns: One-Liners, Captions & Jokes | O70: =LEN(N70) -> 47 | P70: 150+ pumpkin puns: one-liners, Instagram captions, love and kids puns. Copy a favorite or make your own with our free Pun Generator. | Q70: =LEN(P70) -> 132
A71: 70 | B71: Food & Drink Puns | C71: Vegetable Puns | D71: Carrot Puns | E71: carrot puns | F71: /carrot-puns/ | G71: Core | H71: P3 | I71: Evergreen | J71: Not verified | K71: Up: Vegetable Puns → Food & Drink Puns | Across: Potato Puns, Corn Puns | M71: 100+ Carrot Puns Rooted in Fun | N71: 100+ Carrot Puns: One-Liners, Captions & Jokes | O71: =LEN(N71) -> 46 | P71: 100+ carrot puns: one-liners, Instagram captions, love and kids puns. Copy a favorite or make your own with our free Pun Generator. | Q71: =LEN(P71) -> 131
A72: 71 | B72: Food & Drink Puns | C72: Vegetable Puns | D72: Pea Puns | E72: pea puns | F72: /pea-puns/ | G72: Core | H72: P3 | I72: Evergreen | J72: Not verified | K72: Up: Vegetable Puns → Food & Drink Puns | Across: Potato Puns, Corn Puns | M72: 100+ Pea Puns to Give Peas a Chance | N72: 100+ Pea Puns: One-Liners, Captions & Jokes | O72: =LEN(N72) -> 43 | P72: Laugh with 100+ pea puns: one-liners, Instagram captions, love and kids puns, plus pea jokes. Copy a favorite or make your own with our Pun Generator. | Q72: =LEN(P72) -> 150
A73: 72 | B73: Food & Drink Puns | C73: Vegetable Puns | D73: Onion Puns | E73: onion puns | F73: /onion-puns/ | G73: Core | H73: P3 | I73: Evergreen | J73: Not verified | K73: Up: Vegetable Puns → Food & Drink Puns | Across: Potato Puns, Corn Puns | M73: 100+ Onion Puns That Will Make You Cry Laughing | N73: 100+ Onion Puns: One-Liners, Captions & Jokes | O73: =LEN(N73) -> 45 | P73: Laugh with 100+ onion puns: one-liners, Instagram captions, love and kids puns, plus onion jokes. Copy a favorite or make your own with our Pun Generator. | Q73: =LEN(P73) -> 154
A74: 73 | B74: Food & Drink Puns | C74: Vegetable Puns | D74: Pepper Puns | E74: pepper puns | F74: /pepper-puns/ | G74: Core | H74: P3 | I74: Evergreen | J74: Not verified | K74: Up: Vegetable Puns → Food & Drink Puns | Across: Potato Puns, Corn Puns | M74: 100+ Pepper Puns That Bring the Heat | N74: 100+ Pepper Puns: One-Liners, Captions & Jokes | O74: =LEN(N74) -> 46 | P74: 100+ pepper puns: one-liners, Instagram captions, love and kids puns. Copy a favorite or make your own with our free Pun Generator. | Q74: =LEN(P74) -> 131
A75: 74 | B75: Food & Drink Puns | C75: Vegetable Puns | D75: Mushroom Puns | E75: mushroom puns | F75: /mushroom-puns/ | G75: Core | H75: P3 | I75: Evergreen | J75: Not verified | K75: Up: Vegetable Puns → Food & Drink Puns | Across: Potato Puns, Corn Puns | M75: 100+ Mushroom Puns From a Real Fun-gi | N75: 100+ Mushroom Puns: One-Liners, Captions & Jokes | O75: =LEN(N75) -> 48 | P75: 100+ mushroom puns: one-liners, Instagram captions, love and kids puns. Copy a favorite or make your own with our free Pun Generator. | Q75: =LEN(P75) -> 133
A76: 75 | B76: Food & Drink Puns | C76: Dessert & Sweet Puns | D76: Ice Cream Puns | E76: ice cream puns | F76: /ice-cream-puns/ | G76: Core | H76: P1 | I76: Summer | J76: Not verified | K76: Up: Dessert & Sweet Puns → Food & Drink Puns | Across: Cake Puns, Cookie Puns | Seasonal: Summer hub | M76: 200+ Ice Cream Puns That Are Sundae-licious | N76: 200+ Ice Cream Puns: One-Liners, Captions & Jokes | O76: =LEN(N76) -> 49 | P76: 200+ ice cream puns: one-liners, Instagram captions, love and kids puns. Copy a favorite or make your own with our free Pun Generator. | Q76: =LEN(P76) -> 134
A77: 76 | B77: Food & Drink Puns | C77: Dessert & Sweet Puns | D77: Cake Puns | E77: cake puns | F77: /cake-puns/ | G77: Core | H77: P2 | I77: Birthday | J77: Not verified | K77: Up: Dessert & Sweet Puns → Food & Drink Puns | Across: Ice Cream Puns, Cookie Puns | Seasonal: Birthday hub | M77: 150+ Cake Puns That Are a Piece of Cake | N77: 150+ Cake Puns: One-Liners, Captions & Jokes | O77: =LEN(N77) -> 44 | P77: Laugh with 150+ cake puns: one-liners, Instagram captions, love and kids puns, plus cake jokes. Copy a favorite or make your own with our Pun Generator. | Q77: =LEN(P77) -> 152
A78: 77 | B78: Food & Drink Puns | C78: Dessert & Sweet Puns | D78: Cookie Puns | E78: cookie puns | F78: /cookie-puns/ | G78: Core | H78: P2 | I78: Christmas | J78: Not verified | K78: Up: Dessert & Sweet Puns → Food & Drink Puns | Across: Ice Cream Puns, Cake Puns | Seasonal: Christmas hub | M78: 150+ Cookie Puns That Are Crumb-tastic | N78: 150+ Cookie Puns: One-Liners, Captions & Jokes | O78: =LEN(N78) -> 46 | P78: 150+ cookie puns: one-liners, Instagram captions, love and kids puns. Copy a favorite or make your own with our free Pun Generator. | Q78: =LEN(P78) -> 131
A79: 78 | B79: Food & Drink Puns | C79: Dessert & Sweet Puns | D79: Donut Puns | E79: donut puns | F79: /donut-puns/ | G79: Core | H79: P2 | I79: Evergreen | J79: Not verified | K79: Up: Dessert & Sweet Puns → Food & Drink Puns | Across: Ice Cream Puns, Cake Puns | M79: 150+ Donut Puns You Donut Want to Miss | N79: 150+ Donut Puns: One-Liners, Captions & Jokes | O79: =LEN(N79) -> 45 | P79: Laugh with 150+ donut puns: one-liners, Instagram captions, love and kids puns, plus donut jokes. Copy a favorite or make your own with our Pun Generator. | Q79: =LEN(P79) -> 154
A80: 79 | B80: Food & Drink Puns | C80: Dessert & Sweet Puns | D80: Pie Puns | E80: pie puns | F80: /pie-puns/ | G80: Core | H80: P2 | I80: Thanksgiving | J80: Not verified | K80: Up: Dessert & Sweet Puns → Food & Drink Puns | Across: Ice Cream Puns, Cake Puns | Seasonal: Thanksgiving hub | M80: 150+ Pie Puns That Are Easy as Pie | N80: 150+ Pie Puns: One-Liners, Captions & Jokes | O80: =LEN(N80) -> 43 | P80: Laugh with 150+ pie puns: one-liners, Instagram captions, love and kids puns, plus pie jokes. Copy a favorite or make your own with our Pun Generator. | Q80: =LEN(P80) -> 150
A81: 80 | B81: Food & Drink Puns | C81: Dessert & Sweet Puns | D81: Chocolate Puns | E81: chocolate puns | F81: /chocolate-puns/ | G81: Core | H81: P2 | I81: Valentine's | J81: Not verified | K81: Up: Dessert & Sweet Puns → Food & Drink Puns | Across: Ice Cream Puns, Cake Puns | Seasonal: Valentine's hub | M81: 150+ Chocolate Puns That Are Choc-Full of Fun | N81: 150+ Chocolate Puns: One-Liners, Captions & Jokes | O81: =LEN(N81) -> 49 | P81: 150+ chocolate puns: one-liners, Instagram captions, love and kids puns. Copy a favorite or make your own with our free Pun Generator. | Q81: =LEN(P81) -> 134
A82: 81 | B82: Food & Drink Puns | C82: Dessert & Sweet Puns | D82: Candy Puns | E82: candy puns | F82: /candy-puns/ | G82: Core | H82: P2 | I82: Halloween | J82: Not verified | K82: Up: Dessert & Sweet Puns → Food & Drink Puns | Across: Ice Cream Puns, Cake Puns | Seasonal: Halloween hub | M82: 150+ Candy Puns That Are Mint to Be | N82: 150+ Candy Puns: One-Liners, Captions & Jokes | O82: =LEN(N82) -> 45 | P82: Laugh with 150+ candy puns: one-liners, Instagram captions, love and kids puns, plus candy jokes. Copy a favorite or make your own with our Pun Generator. | Q82: =LEN(P82) -> 154
... A132: 131 | B132: Nature & Science Puns | C132: Science Puns | D132: Biology Puns | E132: biology puns | F132: /biology-puns/ | G132: Core | H132: P3 | I132: Evergreen | J132: Not verified | K132: Up: Science Puns → Nature & Science Puns | Across: Science Puns, Chemistry Puns | M132: 100+ Biology Puns That Are Cell-arious | N132: 100+ Biology Puns: One-Liners, Captions & Jokes | O132: =LEN(N132) -> 47 | P132: 100+ biology puns: one-liners, Instagram captions, love and kids puns. Copy a favorite or make your own with our free Pun Generator. | Q132: =LEN(P132) -> 132
A133: 132 | B133: Nature & Science Puns | C133: Science Puns | D133: Light Puns | E133: light puns | F133: /light-puns/ | G133: Core | H133: P3 | I133: Evergreen | J133: Live (verified) | K133: Up: Science Puns → Nature & Science Puns | Across: Science Puns, Chemistry Puns | L133: Live page needs quality edit (non-pun filler lines). | M133: 100+ Light Puns That Are De-light-ful | N133: 100+ Light Puns: One-Liners, Captions & Jokes | O133: =LEN(N133) -> 45 | P133: Laugh with 100+ light puns: one-liners, Instagram captions, love and kids puns, plus light jokes. Copy a favorite or make your own with our Pun Generator. | Q133: =LEN(P133) -> 154
A134: 133 | B134: Nature & Science Puns | C134: Science Puns | D134: Electricity Puns | E134: electricity puns | F134: /electricity-puns/ | G134: Core | H134: P3 | I134: Evergreen | J134: Not verified | K134: Up: Science Puns → Nature & Science Puns | Across: Science Puns, Chemistry Puns | M134: 100+ Electricity Puns That Are Shockingly Funny | N134: 100+ Electricity Puns: One-Liners, Captions & Jokes | O134: =LEN(N134) -> 51 | P134: 100+ electricity puns: one-liners, Instagram captions, love and kids puns. Copy a favorite or make your own with our free Pun Generator. | Q134: =LEN(P134) -> 136
A135: 134 | B135: Nature & Science Puns | C135: Body Puns | D135: Eye Puns | E135: eye puns | F135: /eye-puns/ | G135: Core | H135: P3 | I135: Evergreen | J135: Live (verified) | K135: Up: Body Puns → Nature & Science Puns | Across: Hair Puns, Tooth Puns | L135: Merge or differentiate with existing Eye Jokes page (cannibalization). | M135: 100+ Eye Puns That Are Eye-conic | N135: 100+ Eye Puns: One-Liners, Captions & Jokes | O135: =LEN(N135) -> 43 | P135: Laugh with 100+ eye puns: one-liners, Instagram captions, love and kids puns, plus eye jokes. Copy a favorite or make your own with our Pun Generator. | Q135: =LEN(P135) -> 150
A136: 135 | B136: Nature & Science Puns | C136: Body Puns | D136: Hair Puns | E136: hair puns | F136: /hair-puns/ | G136: Core | H136: P3 | I136: Evergreen | J136: Not verified | K136: Up: Body Puns → Nature & Science Puns | Across: Eye Puns, Tooth Puns | M136: 100+ Hair Puns That Are Hair-larious | N136: 100+ Hair Puns: One-Liners, Captions & Jokes | O136: =LEN(N136) -> 44 | P136: Laugh with 100+ hair puns: one-liners, Instagram captions, love and kids puns, plus hair jokes. Copy a favorite or make your own with our Pun Generator. | Q136: =LEN(P136) -> 152
A137: 136 | B137: Nature & Science Puns | C137: Body Puns | D137: Tooth Puns | E137: tooth puns | F137: /tooth-puns/ | G137: Core | H137: P3 | I137: Evergreen | J137: Not verified | K137: Up: Body Puns → Nature & Science Puns | Across: Eye Puns, Hair Puns | M137: 100+ Tooth Puns Worth Sinking Your Teeth Into | N137: 100+ Tooth Puns: One-Liners, Captions & Jokes | O137: =LEN(N137) -> 45 | P137: Laugh with 100+ tooth puns: one-liners, Instagram captions, love and kids puns, plus tooth jokes. Copy a favorite or make your own with our Pun Generator. | Q137: =LEN(P137) -> 154
A138: 137 | B138: Nature & Science Puns | C138: Body Puns | D138: Bone Puns | E138: bone puns | F138: /bone-puns/ | G138: Core | H138: P3 | I138: Halloween | J138: Not verified | K138: Up: Body Puns → Nature & Science Puns | Across: Eye Puns, Hair Puns | Seasonal: Halloween hub | M138: 100+ Bone Puns That Are Totally Humerus | N138: 100+ Bone Puns: One-Liners, Captions & Jokes | O138: =LEN(N138) -> 44 | P138: Laugh with 100+ bone puns: one-liners, Instagram captions, love and kids puns, plus bone jokes. Copy a favorite or make your own with our Pun Generator. | Q138: =LEN(P138) -> 152
A139: 138 | B139: Holiday & Event Puns | C139: Christmas Puns | D139: Christmas Puns | E139: christmas puns | F139: /christmas-puns/ | G139: Core | H139: P1 | I139: Christmas | J139: Not verified | K139: Up: Christmas Puns → Holiday & Event Puns | Across: Santa Puns, Snowman Puns | Seasonal: Christmas hub | M139: 200+ Christmas Puns That Sleigh | N139: 200+ Christmas Puns: One-Liners, Captions & Jokes | O139: =LEN(N139) -> 49 | P139: 200+ Christmas puns: one-liners, Instagram captions, love and kids puns. Copy a favorite or make your own with our free Pun Generator. | Q139: =LEN(P139) -> 134
A140: 139 | B140: Holiday & Event Puns | C140: Christmas Puns | D140: Santa Puns | E140: santa puns | F140: /santa-puns/ | G140: Core | H140: P2 | I140: Christmas | J140: Not verified | K140: Up: Christmas Puns → Holiday & Event Puns | Across: Christmas Puns, Snowman Puns | Seasonal: Christmas hub | M140: 150+ Santa Puns That Are Ho-Ho-Hilarious | N140: 150+ Santa Puns: One-Liners, Captions & Jokes | O140: =LEN(N140) -> 45 | P140: Laugh with 150+ Santa puns: one-liners, Instagram captions, love and kids puns, plus Santa jokes. Copy a favorite or make your own with our Pun Generator. | Q140: =LEN(P140) -> 154
A141: 140 | B141: Holiday & Event Puns | C141: Christmas Puns | D141: Snowman Puns | E141: snowman puns | F141: /snowman-puns/ | G141: Core | H141: P2 | I141: Christmas | J141: Not verified | K141: Up: Christmas Puns → Holiday & Event Puns | Across: Christmas Puns, Santa Puns | Seasonal: Christmas hub | M141: 150+ Snowman Puns That Are Frosty Fun | N141: 150+ Snowman Puns: One-Liners, Captions & Jokes | O141: =LEN(N141) -> 47 | P141: 150+ snowman puns: one-liners, Instagram captions, love and kids puns. Copy a favorite or make your own with our free Pun Generator. | Q141: =LEN(P141) -> 132
A142: 141 | B142: Holiday & Event Puns | C142: Christmas Puns | D142: Reindeer Puns | E142: reindeer puns | F142: /reindeer-puns/ | G142: Core | H142: P3 | I142: Christmas | J142: Not verified | K142: Up: Christmas Puns → Holiday & Event Puns | Across: Christmas Puns, Santa Puns | Seasonal: Christmas hub | M142: 100+ Reindeer Puns That Are Rein-credible | N142: 100+ Reindeer Puns: One-Liners, Captions & Jokes | O142: =LEN(N142) -> 48 | P142: 100+ reindeer puns: one-liners, Instagram captions, love and kids puns. Copy a favorite or make your own with our free Pun Generator. | Q142: =LEN(P142) -> 133
A143: 142 | B143: Holiday & Event Puns | C143: Christmas Puns | D143: Elf Puns | E143: elf puns | F143: /elf-puns/ | G143: Core | H143: P3 | I143: Christmas | J143: Not verified | K143: Up: Christmas Puns → Holiday & Event Puns | Across: Christmas Puns, Santa Puns | Seasonal: Christmas hub | M143: 100+ Elf Puns That Are Elf-tastic | N143: 100+ Elf Puns: One-Liners, Captions & Jokes | O143: =LEN(N143) -> 43 | P143: Laugh with 100+ elf puns: one-liners, Instagram captions, love and kids puns, plus elf jokes. Copy a favorite or make your own with our Pun Generator. | Q143: =LEN(P143) -> 150
A144: 143 | B144: Holiday & Event Puns | C144: Christmas Puns | D144: Christmas Tree Puns | E144: christmas tree puns | F144: /christmas-tree-puns/ | G144: Core | H144: P3 | I144: Christmas | J144: Not verified | K144: Up: Christmas Puns → Holiday & Event Puns | Across: Christmas Puns, Santa Puns | Seasonal: Christmas hub | M144: 100+ Christmas Tree Puns That Are Spruce-tacular | N144: 100+ Christmas Tree Puns: One-Liners, Captions & Jokes | O144: =LEN(N144) -> 54 | P144: 100+ Christmas Tree puns: one-liners, Instagram captions, love and kids puns. Copy a favorite or make your own with our free Pun Generator. | Q144: =LEN(P144) -> 139
A145: 144 | B145: Holiday & Event Puns | C145: Halloween Puns | D145: Halloween Puns | E145: halloween puns | F145: /halloween-puns/ | G145: Core | H145: P1 | I145: Halloween | J145: Not verified | K145: Up: Halloween Puns → Holiday & Event Puns | Across: Ghost Puns, Witch Puns | Seasonal: Halloween hub | M145: 200+ Halloween Puns That Are Spook-tacular | N145: 200+ Halloween Puns: One-Liners, Captions & Jokes | O145: =LEN(N145) -> 49 | P145: 200+ Halloween puns: one-liners, Instagram captions, love and kids puns. Copy a favorite or make your own with our free Pun Generator. | Q145: =LEN(P145) -> 134
A146: 145 | B146: Holiday & Event Puns | C146: Halloween Puns | D146: Ghost Puns | E146: ghost puns | F146: /ghost-puns/ | G146: Core | H146: P2 | I146: Halloween | J146: Not verified | K146: Up: Halloween Puns → Holiday & Event Puns | Across: Halloween Puns, Witch Puns | Seasonal: Halloween hub | M146: 150+ Ghost Puns That Are Boo-tifully Funny | N146: 150+ Ghost Puns: One-Liners, Captions & Jokes | O146: =LEN(N146) -> 45 | P146: Laugh with 150+ ghost puns: one-liners, Instagram captions, love and kids puns, plus ghost jokes. Copy a favorite or make your own with our Pun Generator. | Q146: =LEN(P146) -> 154
A147: 146 | B147: Holiday & Event Puns | C147: Halloween Puns | D147: Witch Puns | E147: witch puns | F147: /witch-puns/ | G147: Core | H147: P2 | I147: Halloween | J147: Not verified | K147: Up: Halloween Puns → Holiday & Event Puns | Across: Halloween Puns, Ghost Puns | Seasonal: Halloween hub | M147: 150+ Witch Puns That Are Witch-ful Thinking | N147: 150+ Witch Puns: One-Liners, Captions & Jokes | O147: =LEN(N147) -> 45 | P147: Laugh with 150+ witch puns: one-liners, Instagram captions, love and kids puns, plus witch jokes. Copy a favorite or make your own with our Pun Generator. | Q147: =LEN(P147) -> 154
... A158: 157 | B158: Holiday & Event Puns | C158: Seasonal Holiday Puns | D158: Father's Day Puns | E158: father's day puns | F158: /fathers-day-puns/ | G158: Core | H158: P2 | I158: Father's Day | J158: Not verified | K158: Up: Seasonal Holiday Puns → Holiday & Event Puns | Across: Thanksgiving Puns, Valentine's Day Puns | Seasonal: Father's Day hub | M158: 150+ Father's Day Puns That Are Dad-tastic | N158: 150+ Father's Day Puns: One-Liners, Captions & Jokes | O158: =LEN(N158) -> 52 | P158: 150+ Father's Day puns: one-liners, Instagram captions, love and kids puns. Copy a favorite or make your own with our free Pun Generator. | Q158: =LEN(P158) -> 137
A159: 158 | B159: Holiday & Event Puns | C159: Seasonal Holiday Puns | D159: Turkey Puns | E159: turkey puns | F159: /turkey-puns/ | G159: Core | H159: P2 | I159: Thanksgiving | J159: Not verified | K159: Up: Seasonal Holiday Puns → Holiday & Event Puns | Across: Thanksgiving Puns, Valentine's Day Puns | Seasonal: Thanksgiving hub | L159: Seasonal; also bridge to Bird Puns. | M159: 150+ Turkey Puns Worth Gobbling Up | N159: 150+ Turkey Puns: One-Liners, Captions & Jokes | O159: =LEN(N159) -> 46 | P159: 150+ turkey puns: one-liners, Instagram captions, love and kids puns. Copy a favorite or make your own with our free Pun Generator. | Q159: =LEN(P159) -> 131
A160: 159 | B160: Holiday & Event Puns | C160: Life Event Puns | D160: Birthday Puns | E160: birthday puns | F160: /birthday-puns/ | G160: Core | H160: P1 | I160: Birthday | J160: Not verified | K160: Up: Life Event Puns → Holiday & Event Puns | Across: Wedding Puns, Graduation Puns | Seasonal: Birthday hub | M160: 200+ Birthday Puns That Take the Cake | N160: 200+ Birthday Puns: One-Liners, Captions & Jokes | O160: =LEN(N160) -> 48 | P160: 200+ birthday puns: one-liners, Instagram captions, love and kids puns. Copy a favorite or make your own with our free Pun Generator. | Q160: =LEN(P160) -> 133
A161: 160 | B161: Holiday & Event Puns | C161: Life Event Puns | D161: Wedding Puns | E161: wedding puns | F161: /wedding-puns/ | G161: Core | H161: P2 | I161: Evergreen | J161: Not verified | K161: Up: Life Event Puns → Holiday & Event Puns | Across: Birthday Puns, Graduation Puns | M161: 150+ Wedding Puns Worth Saying I Do To | N161: 150+ Wedding Puns: One-Liners, Captions & Jokes | O161: =LEN(N161) -> 47 | P161: 150+ wedding puns: one-liners, Instagram captions, love and kids puns. Copy a favorite or make your own with our free Pun Generator. | Q161: =LEN(P161) -> 132
A162: 161 | B162: Holiday & Event Puns | C162: Life Event Puns | D162: Graduation Puns | E162: graduation puns | F162: /graduation-puns/ | G162: Core | H162: P2 | I162: Graduation | J162: Not verified | K162: Up: Life Event Puns → Holiday & Event Puns | Across: Birthday Puns, Wedding Puns | Seasonal: Graduation hub | M162: 150+ Graduation Puns That Make the Grade | N162: 150+ Graduation Puns: One-Liners, Captions & Jokes | O162: =LEN(N162) -> 50 | P162: 150+ graduation puns: one-liners, Instagram captions, love and kids puns. Copy a favorite or make your own with our free Pun Generator. | Q162: =LEN(P162) -> 135
A163: 162 | B163: Holiday & Event Puns | C163: Life Event Puns | D163: Retirement Puns | E163: retirement puns | F163: /retirement-puns/ | G163: Core | H163: P3 | I163: Evergreen | J163: Not verified | K163: Up: Life Event Puns → Holiday & Event Puns | Across: Birthday Puns, Wedding Puns | M163: 100+ Retirement Puns That Never Get Tired | N163: 100+ Retirement Puns: One-Liners, Captions & Jokes | O163: =LEN(N163) -> 50 | P163: 100+ retirement puns: one-liners, Instagram captions, love and kids puns. Copy a favorite or make your own with our free Pun Generator. | Q163: =LEN(P163) -> 135
A164: 163 | B164: Holiday & Event Puns | C164: Life Event Puns | D164: Baby Shower Puns | E164: baby shower puns | F164: /baby-shower-puns/ | G164: Core | H164: P3 | I164: Evergreen | J164: Not verified | K164: Up: Life Event Puns → Holiday & Event Puns | Across: Birthday Puns, Wedding Puns | M164: 100+ Baby Shower Puns That Are Bump-tastic | N164: 100+ Baby Shower Puns: One-Liners, Captions & Jokes | O164: =LEN(N164) -> 51 | P164: 100+ baby shower puns: one-liners, Instagram captions, love and kids puns. Copy a favorite or make your own with our free Pun Generator. | Q164: =LEN(P164) -> 136
A165: 164 | B165: Holiday & Event Puns | C165: Life Event Puns | D165: Anniversary Puns | E165: anniversary puns | F165: /anniversary-puns/ | G165: Core | H165: P3 | I165: Evergreen | J165: Not verified | K165: Up: Life Event Puns → Holiday & Event Puns | Across: Birthday Puns, Wedding Puns | M165: 100+ Anniversary Puns That Stand the Test of Time | N165: 100+ Anniversary Puns: One-Liners, Captions & Jokes | O165: =LEN(N165) -> 51 | P165: 100+ anniversary puns: one-liners, Instagram captions, love and kids puns. Copy a favorite or make your own with our free Pun Generator. | Q165: =LEN(P165) -> 136
A166: 165 | B166: Object & Everyday Puns | C166: Toy & Game Puns | D166: Lego Puns | E166: lego puns | F166: /lego-puns/ | G166: Core | H166: P3 | I166: Evergreen | J166: Live (verified) | K166: Up: Toy & Game Puns → Object & Everyday Puns | Across: Chess Puns, Puzzle Puns | L166: Live page: remove off-entity puns (e.g. plant puns). | M166: 100+ Lego Puns That Are Brick-tastic | N166: 100+ Lego Puns: One-Liners, Captions & Jokes | O166: =LEN(N166) -> 44 | P166: Laugh with 100+ Lego puns: one-liners, Instagram captions, love and kids puns, plus Lego jokes. Copy a favorite or make your own with our Pun Generator. | Q166: =LEN(P166) -> 152
A167: 166 | B167: Object & Everyday Puns | C167: Toy & Game Puns | D167: Chess Puns | E167: chess puns | F167: /chess-puns/ | G167: Core | H167: P3 | I167: Evergreen | J167: Not verified | K167: Up: Toy & Game Puns → Object & Everyday Puns | Across: Lego Puns, Puzzle Puns | M167: 100+ Chess Puns That Make Every Move Count | N167: 100+ Chess Puns: One-Liners, Captions & Jokes | O167: =LEN(N167) -> 45 | P167: Laugh with 100+ chess puns: one-liners, Instagram captions, love and kids puns, plus chess jokes. Copy a favorite or make your own with our Pun Generator. | Q167: =LEN(P167) -> 154
A168: 167 | B168: Object & Everyday Puns | C168: Toy & Game Puns | D168: Puzzle Puns | E168: puzzle puns | F168: /puzzle-puns/ | G168: Core | H168: P3 | I168: Evergreen | J168: Not verified | K168: Up: Toy & Game Puns → Object & Everyday Puns | Across: Lego Puns, Chess Puns | M168: 100+ Puzzle Puns That Fit Perfectly | N168: 100+ Puzzle Puns: One-Liners, Captions & Jokes | O168: =LEN(N168) -> 46 | P168: 100+ puzzle puns: one-liners, Instagram captions, love and kids puns. Copy a favorite or make your own with our free Pun Generator. | Q168: =LEN(P168) -> 131
A169: 168 | B169: Object & Everyday Puns | C169: Toy & Game Puns | D169: Balloon Puns | E169: balloon puns | F169: /balloon-puns/ | G169: Core | H169: P3 | I169: Birthday | J169: Not verified | K169: Up: Toy & Game Puns → Object & Everyday Puns | Across: Lego Puns, Chess Puns | Seasonal: Birthday hub | M169: 100+ Balloon Puns That Are a Real Blast | N169: 100+ Balloon Puns: One-Liners, Captions & Jokes | O169: =LEN(N169) -> 47 | P169: 100+ balloon puns: one-liners, Instagram captions, love and kids puns. Copy a favorite or make your own with our free Pun Generator. | Q169: =LEN(P169) -> 132
A170: 169 | B170: Object & Everyday Puns | C170: Vehicle Puns | D170: Car Puns | E170: car puns | F170: /car-puns/ | G170: Core | H170: P2 | I170: Evergreen | J170: Not verified | K170: Up: Vehicle Puns → Object & Everyday Puns | Across: Boat Puns, Train Puns | M170: 150+ Car Puns That Are Auto-matically Funny | N170: 150+ Car Puns: One-Liners, Captions & Jokes | O170: =LEN(N170) -> 43 | P170: Laugh with 150+ car puns: one-liners, Instagram captions, love and kids puns, plus car jokes. Copy a favorite or make your own with our Pun Generator. | Q170: =LEN(P170) -> 150
A171: 170 | B171: Object & Everyday Puns | C171: Vehicle Puns | D171: Boat Puns | E171: boat puns | F171: /boat-puns/ | G171: Core | H171: P2 | I171: Evergreen | J171: Live (verified) | K171: Up: Vehicle Puns → Object & Everyday Puns | Across: Car Puns, Train Puns | L171: Live page needs quality edit (non-pun filler lines). | M171: 150+ Boat Puns That Make Waves | N171: 150+ Boat Puns: One-Liners, Captions & Jokes | O171: =LEN(N171) -> 44 | P171: Laugh with 150+ boat puns: one-liners, Instagram captions, love and kids puns, plus boat jokes. Copy a favorite or make your own with our Pun Generator. | Q171: =LEN(P171) -> 152
A172: 171 | B172: Object & Everyday Puns | C172: Vehicle Puns | D172: Train Puns | E172: train puns | F172: /train-puns/ | G172: Core | H172: P3 | I172: Evergreen | J172: Not verified | K172: Up: Vehicle Puns → Object & Everyday Puns | Across: Car Puns, Boat Puns | M172: 100+ Train Puns That Stay on Track | N172: 100+ Train Puns: One-Liners, Captions & Jokes | O172: =LEN(N172) -> 45 | P172: Laugh with 100+ train puns: one-liners, Instagram captions, love and kids puns, plus train jokes. Copy a favorite or make your own with our Pun Generator. | Q172: =LEN(P172) -> 154
A173: 172 | B173: Object & Everyday Puns | C173: Vehicle Puns | D173: Plane Puns | E173: plane puns | F173: /plane-puns/ | G173: Core | H173: P3 | I173: Evergreen | J173: Not verified | K173: Up: Vehicle Puns → Object & Everyday Puns | Across: Car Puns, Boat Puns | M173: 100+ Plane Puns That Are Plane Hilarious | N173: 100+ Plane Puns: One-Liners, Captions & Jokes | O173: =LEN(N173) -> 45 | P173: Laugh with 100+ plane puns: one-liners, Instagram captions, love and kids puns, plus plane jokes. Copy a favorite or make your own with our Pun Generator. | Q173: =LEN(P173) -> 154
A174: 173 | B174: Object & Everyday Puns | C174: Vehicle Puns | D174: Bike Puns | E174: bike puns | F174: /bike-puns/ | G174: Core | H174: P3 | I174: Evergreen | J174: Not verified | K174: Up: Vehicle Puns → Object & Everyday Puns | Across: Car Puns, Boat Puns | M174: 100+ Bike Puns That Are Wheel-y Good | N174: 100+ Bike Puns: One-Liners, Captions & Jokes | O174: =LEN(N174) -> 44 | P174: Laugh with 100+ bike puns: one-liners, Instagram captions, love and kids puns, plus bike jokes. Copy a favorite or make your own with our Pun Generator. | Q174: =LEN(P174) -> 152
A175: 174 | B175: Object & Everyday Puns | C175: Household Puns | D175: Book Puns | E175: book puns | F175: /book-puns/ | G175: Core | H175: P2 | I175: Evergreen | J175: Not verified | K175: Up: Household Puns → Object & Everyday Puns | Across: Candle Puns, Clock & Time Puns | M175: 150+ Book Puns That Are Simply Novel | N175: 150+ Book Puns: One-Liners, Captions & Jokes | O175: =LEN(N175) -> 44 | P175: Laugh with 150+ book puns: one-liners, Instagram captions, love and kids puns, plus book jokes. Copy a favorite or make your own with our Pun Generator. | Q175: =LEN(P175) -> 152
A176: 175 | B176: Object & Everyday Puns | C176: Household Puns | D176: Candle Puns | E176: candle puns | F176: /candle-puns/ | G176: Core | H176: P3 | I176: Evergreen | J176: Not verified | K176: Up: Household Puns → Object & Everyday Puns | Across: Book Puns, Clock & Time Puns | M176: 100+ Candle Puns That Are Wick-edly Funny | N176: 100+ Candle Puns: One-Liners, Captions & Jokes | O176: =LEN(N176) -> 46 | P176: 100+ candle puns: one-liners, Instagram captions, love and kids puns. Copy a favorite or make your own with our free Pun Generator. | Q176: =LEN(P176) -> 131
A177: 176 | B177: Object & Everyday Puns | C177: Household Puns | D177: Clock & Time Puns | E177: clock & time puns | F177: /clock-and-time-puns/ | G177: Core | H177: P3 | I177: Evergreen | J177: Not verified | K177: Up: Household Puns → Object & Everyday Puns | Across: Book Puns, Candle Puns | M177: 100+ Clock & Time Puns That Are Timeless | N177: 100+ Clock & Time Puns: One-Liners, Captions & Jokes | O177: =LEN(N177) -> 52 | P177: 100+ clock & time puns: one-liners, Instagram captions, love and kids puns. Copy a favorite or make your own with our free Pun Generator. | Q177: =LEN(P177) -> 137
A178: 177 | B178: Object & Everyday Puns | C178: Household Puns | D178: Shoe Puns | E178: shoe puns | F178: /shoe-puns/ | G178: Core | H178: P3 | I178: Evergreen | J178: Not verified | K178: Up: Household Puns → Object & Everyday Puns | Across: Book Puns, Candle Puns | M178: 100+ Shoe Puns That Are a Shoe-In | N178: 100+ Shoe Puns: One-Liners, Captions & Jokes | O178: =LEN(N178) -> 44 | P178: Laugh with 100+ shoe puns: one-liners, Instagram captions, love and kids puns, plus shoe jokes. Copy a favorite or make your own with our Pun Generator. | Q178: =LEN(P178) -> 152
A179: 178 | B179: Object & Everyday Puns | C179: Household Puns | D179: Paper Puns | E179: paper puns | F179: /paper-puns/ | G179: Core | H179: P3 | I179: Evergreen | J179: Not verified | K179: Up: Household Puns → Object & Everyday Puns | Across: Book Puns, Candle Puns | M179: 100+ Paper Puns That Are Tear-ific | N179: 100+ Paper Puns: One-Liners, Captions & Jokes | O179: =LEN(N179) -> 45 | P179: Laugh with 100+ paper puns: one-liners, Instagram captions, love and kids puns, plus paper jokes. Copy a favorite or make your own with our Pun Generator. | Q179: =LEN(P179) -> 154
A180: 179 | B180: Object & Everyday Puns | C180: Tech Puns | D180: Computer Puns | E180: computer puns | F180: /computer-puns/ | G180: Core | H180: P2 | I180: Evergreen | J180: Not verified | K180: Up: Tech Puns → Object & Everyday Puns | Across: Programming Puns, Phone Puns | M180: 150+ Computer Puns That Are Byte-Sized | N180: 150+ Computer Puns: One-Liners, Captions & Jokes | O180: =LEN(N180) -> 48 | P180: 150+ computer puns: one-liners, Instagram captions, love and kids puns. Copy a favorite or make your own with our free Pun Generator. | Q180: =LEN(P180) -> 133
A181: 180 | B181: Object & Everyday Puns | C181: Tech Puns | D181: Programming Puns | E181: programming puns | F181: /programming-puns/ | G181: Core | H181: P2 | I181: Evergreen | J181: Not verified | K181: Up: Tech Puns → Object & Everyday Puns | Across: Computer Puns, Phone Puns | M181: 150+ Programming Puns Without Any Bugs | N181: 150+ Programming Puns: One-Liners, Captions & Jokes | O181: =LEN(N181) -> 51 | P181: 150+ programming puns: one-liners, Instagram captions, love and kids puns. Copy a favorite or make your own with our free Pun Generator. | Q181: =LEN(P181) -> 136
A182: 181 | B182: Object & Everyday Puns | C182: Tech Puns | D182: Phone Puns | E182: phone puns | F182: /phone-puns/ | G182: Core | H182: P3 | I182: Evergreen | J182: Not verified | K182: Up: Tech Puns → Object & Everyday Puns | Across: Computer Puns, Programming Puns | M182: 100+ Phone Puns Worth Calling Home About | N182: 100+ Phone Puns: One-Liners, Captions & Jokes | O182: =LEN(N182) -> 45 | P182: Laugh with 100+ phone puns: one-liners, Instagram captions, love and kids puns, plus phone jokes. Copy a favorite or make your own with our Pun Generator. | Q182: =LEN(P182) -> 154
A183: 182 | B183: Sport & Hobby Puns | C183: Sport Puns | D183: Sports Puns | E183: sports puns | F183: /sports-puns/ | G183: Core | H183: P2 | I183: Evergreen | J183: Not verified | K183: Up: Sport Puns → Sport & Hobby Puns | Across: Football Puns, Soccer Puns | M183: 150+ Sports Puns That Are a Whole New Ball Game | N183: 150+ Sports Puns: One-Liners, Captions & Jokes | O183: =LEN(N183) -> 46 | P183: 150+ sports puns: one-liners, Instagram captions, love and kids puns. Copy a favorite or make your own with our free Pun Generator. | Q183: =LEN(P183) -> 131
... A195: 194 | B195: Sport & Hobby Puns | C195: Sport Puns | D195: Swimming Puns | E195: swimming puns | F195: /swimming-puns/ | G195: Core | H195: P3 | I195: Summer | J195: Not verified | K195: Up: Sport Puns → Sport & Hobby Puns | Across: Sports Puns, Football Puns | Seasonal: Summer hub | M195: 100+ Swimming Puns That Go Swimmingly | N195: 100+ Swimming Puns: One-Liners, Captions & Jokes | O195: =LEN(N195) -> 48 | P195: 100+ swimming puns: one-liners, Instagram captions, love and kids puns. Copy a favorite or make your own with our free Pun Generator. | Q195: =LEN(P195) -> 133
A196: 195 | B196: Sport & Hobby Puns | C196: Hobby Puns | D196: Craft Puns | E196: craft puns | F196: /craft-puns/ | G196: Core | H196: P1 | I196: Evergreen | J196: Not verified | K196: Up: Hobby Puns → Sport & Hobby Puns | Across: Knitting & Yarn Puns, Music Puns | L196: Brand-aligned (Crafty Puns). Make this the flagship page. | M196: 200+ Craft Puns That Are Sew Crafty | N196: 200+ Craft Puns: One-Liners, Captions & Jokes | O196: =LEN(N196) -> 45 | P196: Laugh with 200+ craft puns: one-liners, Instagram captions, love and kids puns, plus craft jokes. Copy a favorite or make your own with our Pun Generator. | Q196: =LEN(P196) -> 154
A197: 196 | B197: Sport & Hobby Puns | C197: Hobby Puns | D197: Knitting & Yarn Puns | E197: knitting & yarn puns | F197: /knitting-and-yarn-puns/ | G197: Core | H197: P2 | I197: Winter | J197: Not verified | K197: Up: Hobby Puns → Sport & Hobby Puns | Across: Craft Puns, Music Puns | Seasonal: Winter hub | M197: 150+ Knitting & Yarn Puns That Are Purl-fect | N197: 150+ Knitting & Yarn Puns: One-Liners, Captions & Jokes | O197: =LEN(N197) -> 55 | P197: 150+ knitting & yarn puns: one-liners, Instagram captions, love and kids puns. Copy a favorite or make your own with our free Pun Generator. | Q197: =LEN(P197) -> 140
A198: 197 | B198: Sport & Hobby Puns | C198: Hobby Puns | D198: Music Puns | E198: music puns | F198: /music-puns/ | G198: Core | H198: P2 | I198: Evergreen | J198: Not verified | K198: Up: Hobby Puns → Sport & Hobby Puns | Across: Craft Puns, Knitting & Yarn Puns | M198: 150+ Music Puns That Hit the Right Note | N198: 150+ Music Puns: One-Liners, Captions & Jokes | O198: =LEN(N198) -> 45 | P198: Laugh with 150+ music puns: one-liners, Instagram captions, love and kids puns, plus music jokes. Copy a favorite or make your own with our Pun Generator. | Q198: =LEN(P198) -> 154
A199: 198 | B199: Sport & Hobby Puns | C199: Hobby Puns | D199: Art Puns | E199: art puns | F199: /art-puns/ | G199: Core | H199: P2 | I199: Evergreen | J199: Not verified | K199: Up: Hobby Puns → Sport & Hobby Puns | Across: Craft Puns, Knitting & Yarn Puns | M199: 150+ Art Puns That Are a Masterpiece | N199: 150+ Art Puns: One-Liners, Captions & Jokes | O199: =LEN(N199) -> 43 | P199: Laugh with 150+ art puns: one-liners, Instagram captions, love and kids puns, plus art jokes. Copy a favorite or make your own with our Pun Generator. | Q199: =LEN(P199) -> 150
A200: 199 | B200: Sport & Hobby Puns | C200: Hobby Puns | D200: Gardening Puns | E200: gardening puns | F200: /gardening-puns/ | G200: Core | H200: P2 | I200: Spring | J200: Not verified | K200: Up: Hobby Puns → Sport & Hobby Puns | Across: Craft Puns, Knitting & Yarn Puns | Seasonal: Spring hub | M200: 150+ Gardening Puns That Are Hoe-larious | N200: 150+ Gardening Puns: One-Liners, Captions & Jokes | O200: =LEN(N200) -> 49 | P200: 150+ gardening puns: one-liners, Instagram captions, love and kids puns. Copy a favorite or make your own with our free Pun Generator. | Q200: =LEN(P200) -> 134
A201: 200 | B201: Sport & Hobby Puns | C201: Hobby Puns | D201: Camping Puns | E201: camping puns | F201: /camping-puns/ | G201: Core | H201: P2 | I201: Summer | J201: Not verified | K201: Up: Hobby Puns → Sport & Hobby Puns | Across: Craft Puns, Knitting & Yarn Puns | Seasonal: Summer hub | M201: 150+ Camping Puns That Are In-tents | N201: 150+ Camping Puns: One-Liners, Captions & Jokes | O201: =LEN(N201) -> 47 | P201: 150+ camping puns: one-liners, Instagram captions, love and kids puns. Copy a favorite or make your own with our free Pun Generator. | Q201: =LEN(P201) -> 132
A202: 201 | B202: Sport & Hobby Puns | C202: Hobby Puns | D202: Hiking Puns | E202: hiking puns | F202: /hiking-puns/ | G202: Core | H202: P2 | I202: Evergreen | J202: Not verified | K202: Up: Hobby Puns → Sport & Hobby Puns | Across: Craft Puns, Knitting & Yarn Puns | M202: 150+ Hiking Puns That Are Trail-blazing | N202: 150+ Hiking Puns: One-Liners, Captions & Jokes | O202: =LEN(N202) -> 46 | P202: 150+ hiking puns: one-liners, Instagram captions, love and kids puns. Copy a favorite or make your own with our free Pun Generator. | Q202: =LEN(P202) -> 131
A203: 202 | B203: Sport & Hobby Puns | C203: Hobby Puns | D203: Fishing Puns | E203: fishing puns | F203: /fishing-puns/ | G203: Core | H203: P2 | I203: Evergreen | J203: Not verified | K203: Up: Hobby Puns → Sport & Hobby Puns | Across: Craft Puns, Knitting & Yarn Puns | M203: 150+ Fishing Puns That Are a Good Catch | N203: 150+ Fishing Puns: One-Liners, Captions & Jokes | O203: =LEN(N203) -> 47 | P203: 150+ fishing puns: one-liners, Instagram captions, love and kids puns. Copy a favorite or make your own with our free Pun Generator. | Q203: =LEN(P203) -> 132
A204: 203 | B204: Sport & Hobby Puns | C204: Hobby Puns | D204: Travel Puns | E204: travel puns | F204: /travel-puns/ | G204: Core | H204: P2 | I204: Evergreen | J204: Not verified | K204: Up: Hobby Puns → Sport & Hobby Puns | Across: Craft Puns, Knitting & Yarn Puns | M204: 150+ Travel Puns That Are Worth the Trip | N204: 150+ Travel Puns: One-Liners, Captions & Jokes | O204: =LEN(N204) -> 46 | P204: 150+ travel puns: one-liners, Instagram captions, love and kids puns. Copy a favorite or make your own with our free Pun Generator. | Q204: =LEN(P204) -> 131
A205: 204 | B205: Sport & Hobby Puns | C205: Hobby Puns | D205: Cooking & Baking Puns | E205: cooking & baking puns | F205: /cooking-and-baking-puns/ | G205: Core | H205: P2 | I205: Evergreen | J205: Not verified | K205: Up: Hobby Puns → Sport & Hobby Puns | Across: Craft Puns, Knitting & Yarn Puns | M205: 150+ Cooking & Baking Puns That Are Freshly Baked | N205: 150+ Cooking & Baking Puns: One-Liners, Captions & Jokes | O205: =LEN(N205) -> 56 | P205: 150+ cooking & baking puns: one-liners, Instagram captions, love and kids puns. Copy a favorite or make your own with our free Pun Generator. | Q205: =LEN(P205) -> 141
A206: 205 | B206: Sport & Hobby Puns | C206: Hobby Puns | D206: Photography Puns | E206: photography puns | F206: /photography-puns/ | G206: Core | H206: P3 | I206: Evergreen | J206: Not verified | K206: Up: Hobby Puns → Sport & Hobby Puns | Across: Craft Puns, Knitting & Yarn Puns | M206: 100+ Photography Puns That Are Picture Perfect | N206: 100+ Photography Puns: One-Liners, Captions & Jokes | O206: =LEN(N206) -> 51 | P206: 100+ photography puns: one-liners, Instagram captions, love and kids puns. Copy a favorite or make your own with our free Pun Generator. | Q206: =LEN(P206) -> 136
A207: 206 | B207: Sport & Hobby Puns | C207: Hobby Puns | D207: Dance Puns | E207: dance puns | F207: /dance-puns/ | G207: Core | H207: P3 | I207: Evergreen | J207: Not verified | K207: Up: Hobby Puns → Sport & Hobby Puns | Across: Craft Puns, Knitting & Yarn Puns | M207: 100+ Dance Puns That Make You Move | N207: 100+ Dance Puns: One-Liners, Captions & Jokes | O207: =LEN(N207) -> 45 | P207: Laugh with 100+ dance puns: one-liners, Instagram captions, love and kids puns, plus dance jokes. Copy a favorite or make your own with our Pun Generator. | Q207: =LEN(P207) -> 154
A208: 207 | B208: Work & School Puns | C208: School Puns | D208: School Puns | E208: school puns | F208: /school-puns/ | G208: Core | H208: P2 | I208: Back to School | J208: Not verified | K208: Up: School Puns → Work & School Puns | Across: Teacher Puns, Library Puns | Seasonal: Back to School hub | M208: 150+ School Puns That Are Class-ic | N208: 150+ School Puns: One-Liners, Captions & Jokes | O208: =LEN(N208) -> 46 | P208: 150+ school puns: one-liners, Instagram captions, love and kids puns. Copy a favorite or make your own with our free Pun Generator. | Q208: =LEN(P208) -> 131
...

Sheet Use Hubs
A1: Use Hub Page | B1: Target Query | C1: URL Slug | D1: Priority | E1: Pulls From / Links To | F1: Format Rule | G1: H1 Title | H1: Meta Title | I1: Title Length | J1: Meta Description | K1: Desc Length
A2: Puns for Instagram Captions | B2: puns for instagram captions | C2: /puns-for-instagram-captions/ | D2: P1 | E2: Every topic page's 'Captions' H2 | F2: Short, standalone, under ~8 words | G2: 200+ Puns for Instagram Captions That Get the Likes Rolling | H2: 200+ Puns for Instagram Captions (Short, Funny & Cute) | I2: =LEN(H2) -> 54 | J2: Find 200+ puns for Instagram captions by topic: food, animals, travel, holidays and more. Short, funny and cute lines ready to copy and post. | K2: =LEN(J2) -> 141
A3: Puns for Kids | B3: puns for kids | C3: /puns-for-kids/ | D3: P1 | E3: Every topic page's 'For Kids' H2 | F3: Clean, simple words; Q&A format | G3: 200+ Puns for Kids That Are Clean, Silly and Fun | H3: 200+ Puns for Kids: Clean, Silly Jokes They'll Love | I3: =LEN(H3) -> 51 | J3: Clean puns for kids: animal, food, school and holiday wordplay with easy jokes. Great for lunchbox notes, classrooms and family game night. | K3: =LEN(J3) -> 139
A4: Love Puns | B4: love puns | C4: /love-puns/ | D4: P1 | E4: Every 'Love' H2; Valentine's Day Puns, Couple Puns | F4: Second person ('you'); sweet tone | G4: 200+ Love Puns That Will Steal Your Heart | H4: 200+ Love Puns: Cute, Flirty & Romantic Wordplay | I4: =LEN(H4) -> 48 | J4: Cute and flirty love puns for texts, cards and captions, from sweet food puns to animal valentines. Find the perfect line to make someone smile. | K4: =LEN(J4) -> 144
A5: Pickup Line Puns | B5: pun pickup lines | C5: /pun-pickup-lines/ | D5: P2 | E5: Every 'Pickup Lines' H2 | F5: Flirty, clean, one sentence | G5: 150+ Pun Pickup Lines That Are Cheesy in the Best Way | H5: 150+ Pun Pickup Lines: Cheesy, Clean & Flirty | I5: =LEN(H5) -> 45 | J5: Clean, cheesy pun pickup lines for every topic, from food and animals to science and space. Perfect for flirty texts, cards and breaking the ice. | K5: =LEN(J5) -> 145
A6: Funny Puns | B6: funny puns | C6: /funny-puns/ | D6: P1 | E6: Best-of from all topic pages | F6: Strongest lines only | G6: 300+ Funny Puns That Will Make You Groan and Grin | H6: 300+ Funny Puns: The Best Wordplay by Topic | I6: =LEN(H6) -> 43 | J6: The funniest puns on Crafty Puns, hand-picked from every topic: animals, food, holidays, science and more. One-liners and jokes you can copy instantly. | K6: =LEN(J6) -> 151
A7: Short Puns | B7: short puns | C7: /short-puns/ | D7: P2 | E7: Every 'Short' H2 | F7: 1-5 words | G7: 200+ Short Puns That Pack a Punch | H7: 200+ Short Puns: Quick One-Word & One-Line Wordplay | I7: =LEN(H7) -> 51 | J7: Short puns of one to five words for captions, bios, texts and signs. Quick, clever wordplay sorted by topic and ready to copy. | K7: =LEN(J7) -> 126
A8: One-Liner Puns | B8: one liner puns | C8: /one-liner-puns/ | D8: P2 | E8: Every 'One-Liners' H2 | F8: Single sentence, twist at end | G8: 250+ One-Liner Puns With a Twist at the End | H8: 250+ One-Liner Puns: Quick, Clever & Funny | I8: =LEN(H8) -> 42 | J8: One-liner puns that land in a single sentence. Clever wordplay on animals, food, work, school and more, ready for chats, captions and cards. | K8: =LEN(J8) -> 140
A9: Bad & Cheesy Puns | B9: bad puns | C9: /bad-puns/ | D9: P2 | E9: Dad Joke Puns; Puns About Puns | F9: Groan-worthy on purpose | G9: 150+ Bad Puns So Cheesy They're Grate | H9: 150+ Bad Puns So Cheesy They're Actually Good | I9: =LEN(H9) -> 45 | J9: Groan-worthy bad puns and cheesy wordplay, collected for maximum eye-rolls. Perfect for dad jokes, office chats and teasing your friends. | K9: =LEN(J9) -> 137
A10: Dad Joke Puns | B10: dad joke puns | C10: /dad-joke-puns/ | D10: P1 | E10: Father's Day Puns; Bad Puns | F10: Setup + groaner punchline | G10: 200+ Dad Joke Puns That Are Groan-tastic | H10: 200+ Dad Joke Puns: Corny, Clean & Groan-Worthy | I10: =LEN(H10) -> 47 | J10: Dad joke puns with corny setups and groaner punchlines. Clean, family-friendly wordplay for Father's Day, road trips and dinner-table laughs. | K10: =LEN(J10) -> 141
A11: Clean Puns | B11: clean puns | C11: /clean-puns/ | D11: P2 | E11: Puns for Kids; Work & Office Puns | F11: Workplace/classroom safe | G11: 200+ Clean Puns Safe for Work, School and Family | H11: 200+ Clean Puns for Work, School & Kids | I11: =LEN(H11) -> 39 | J11: Clean puns safe for the office, classroom and family chats. Friendly wordplay on food, animals, science and holidays, all ready to copy. | K11: =LEN(J11) -> 136
A12: Puns for Teachers | B12: puns for teachers | C12: /puns-for-teachers/ | D12: P2 | E12: School, Teacher, Science, Math Puns | F12: Classroom + bulletin-board use | G12: 150+ Puns for Teachers That Are Top of the Class | H12: 150+ Puns for Teachers: Classroom & Bulletin Boards | I12: =LEN(H12) -> 51 | J12: Puns for teachers and classrooms: science, math, reading and school wordplay for bulletin boards, lesson openers and teacher appreciation cards. | K12: =LEN(J12) -> 144
A13: Puns for Cards | B13: puns for cards | C13: /puns-for-cards/ | D13: P2 | E13: Birthday, Christmas, Valentine's hubs | F13: Card-length, warm | G13: 200+ Puns for Cards That Say It With a Smile | H13: 200+ Puns for Cards: Birthday, Holiday & Love | I13: =LEN(H13) -> 45 | J13: Card-ready puns for birthdays, Christmas, Valentine's Day, thank-yous and more. Short, warm wordplay that fits inside any greeting card. | K13: =LEN(J13) -> 136
A14: Best Puns of All Time | B14: best puns | C14: /best-puns/ | D14: P1 | E14: Outer: What Is a Pun; all hubs | F14: Curated flagship list; strong link target | G14: The 100 Best Puns of All Time | H14: The Best Puns of All Time: 100 Classic Wordplay Gems | I14: =LEN(H14) -> 52 | J14: The best puns of all time, from classic wordplay to modern one-liners, with what makes each one work. Find your favorite and share the groan. | K14: =LEN(J14) -> 141

Sheet Outer Section
A1: Page (H1 draft) | B1: Target Query | C1: URL Slug | D1: Priority | E1: Angle / Bridge | F1: H1 Title | G1: Meta Title | H1: Title Length | I1: Meta Description | J1: Desc Length
A2: What Is a Pun? Definition, Meaning & Examples | B2: what is a pun | C2: /what-is-a-pun/ | D2: P1 | E2: Definition-first; links to Types of Puns + Pun Generator | F2: What Is a Pun? Definition, Types & Examples | G2: What Is a Pun? Meaning, Types & Examples | H2: =LEN(G2) -> 40 | I2: A pun is wordplay that uses a word's double meaning or a similar sound for humor. Learn the definition, main types of puns and easy examples. | J2: =LEN(I2) -> 141
A3: Types of Puns | B3: types of puns | C3: /types-of-puns/ | D3: P1 | E3: Hub for the 6 type pages below | F3: Types of Puns: 7 Kinds of Wordplay With Examples | G3: Types of Puns: 7 Kinds Explained With Examples | H3: =LEN(G3) -> 46 | I3: Learn the main types of puns, including homophonic, homographic, compound, recursive and visual puns, with clear examples of each. | J3: =LEN(I3) -> 130
A4: Homophonic Puns | B4: homophonic puns | C4: /homophonic-puns/ | D4: P2 | E4: Same/similar sound, different meaning | F4: What Are Homophonic Puns? Meaning & Examples | G4: Homophonic Puns: Meaning, How They Work & Examples | H4: =LEN(G4) -> 50 | I4: Homophonic puns use words that sound alike but mean different things. See how they work, why they land and examples you can use. | J4: =LEN(I4) -> 128
A5: Homographic Puns | B5: homographic puns | C5: /homographic-puns/ | D5: P2 | E5: Same spelling, different meaning | F5: What Are Homographic Puns? Meaning & Examples | G5: Homographic Puns: Meaning & Examples | H5: =LEN(G5) -> 36 | I5: Homographic puns play on words spelled the same but with different meanings. Learn how they work with simple, funny examples. | J5: =LEN(I5) -> 125
A6: Homonymic Puns | B6: homonymic puns | C6: /homonymic-puns/ | D6: P3 | E6: Combines homophonic + homographic | F6: What Are Homonymic Puns? Meaning & Examples | G6: Homonymic Puns: Meaning & Examples | H6: =LEN(G6) -> 34 | I6: Homonymic puns use words that sound and look the same but mean different things. Learn how they differ from other pun types, with examples. | J6: =LEN(I6) -> 139
A7: Compound Puns | B7: compound puns | C7: /compound-puns/ | D7: P3 | E7: Several puns in one sentence | F7: What Are Compound Puns? Meaning & Examples | G7: Compound Puns: Meaning & Examples | H7: =LEN(G7) -> 33 | I7: Compound puns pack two or more puns into one sentence. See how they are built and read examples that stack the wordplay. | J7: =LEN(I7) -> 120
A8: Recursive Puns | B8: recursive puns | C8: /recursive-puns/ | D8: P3 | E8: Second part depends on the first | F8: What Are Recursive Puns? Meaning & Examples | G8: Recursive Puns: Meaning & Examples | H8: =LEN(G8) -> 34 | I8: Recursive puns need the first part understood to get the second. Learn how this layered wordplay works, with examples. | J8: =LEN(I8) -> 118
A9: Visual Puns | B9: visual puns | C9: /visual-puns/ | D9: P2 | E9: Image-based; strong Pinterest asset | F9: What Are Visual Puns? Meaning & Examples | G9: Visual Puns: Meaning & Examples of Picture Wordplay | H9: =LEN(G9) -> 51 | I9: Visual puns use images instead of words to create a double meaning. Explore how they work in art, ads and memes, with examples. | J9: =LEN(I9) -> 127
A10: Texting Puns (Letters & Numbers) | B10: texting puns | C10: /texting-puns/ | D10: P3 | E10: Bridge to Meanings (slang) section | F10: What Are Texting Puns? Letter & Number Wordplay | G10: Texting Puns: Letter, Number & Spelling Wordplay | H10: =LEN(G10) -> 48 | I10: Texting puns use letters, numbers and short spellings, like 'gr8' or 'CU', for wordplay. See how they work, with examples. | J10: =LEN(I10) -> 122
A11: How to Write a Pun | B11: how to write a pun | C11: /how-to-write-a-pun/ | D11: P1 | E11: Step-by-step; ends with Pun Generator CTA | F11: How to Write a Pun in 5 Simple Steps | G11: How to Write a Pun: 5 Easy Steps With Examples | H11: =LEN(G11) -> 46 | I11: Learn how to write a pun step by step: pick a topic, build a word bank, find sound-alikes and test the line. Or try our free Pun Generator. | J11: =LEN(I11) -> 139
A12: Pun vs Joke vs Riddle | B12: pun vs joke | C12: /pun-vs-joke-vs-riddle/ | D12: P2 | E12: Bridge to Riddles section | F12: Pun vs Joke vs Riddle: What's the Difference? | G12: Pun vs Joke vs Riddle: What's the Difference? | H12: =LEN(G12) -> 45 | I12: Puns, jokes and riddles all aim for a laugh, but they work differently. Learn the difference between each, with side-by-side examples. | J12: =LEN(I12) -> 134
A13: Pun vs Double Entendre vs Malapropism | B13: pun vs double entendre | C13: /pun-vs-double-entendre/ | D13: P2 | E13: Figures-of-speech comparison | F13: Pun vs Double Entendre vs Malapropism: Key Differences | G13: Pun vs Double Entendre vs Malapropism | H13: =LEN(G13) -> 37 | I13: Puns, double entendres and malapropisms are often confused. Learn how each figure of speech works and how to tell them apart. | J13: =LEN(I13) -> 125
... A20: Best Books About Puns | B20: books about puns | C20: /books-about-puns/ | D20: P3 | E20: Supplementary; affiliate potential | F20: Best Books About Puns and Wordplay | G20: Best Books About Puns & Wordplay to Read | H20: =LEN(G20) -> 40 | I20: The best books about puns and wordplay for pun lovers, writers and teachers, from pun histories to joke collections. | J20: =LEN(I20) -> 116

Sheet H2 Template
A1: Standard outline for every topic page (replace [X] with the topic)
A2: H1 formula: [Number]+ [X] Puns for [Top Use] That Are [Pun-based quality] e.g. 150+ Cat Puns for Instagram Captions That Are Purr-fectly Funny
A4: Order | B4: Heading | C4: Content Zone | D4: Rule
A5: 1 | B5: Intro (no heading) | C5: Main | D5: 2-sentence declaration: what [X] puns are + where to use them. No story opener.
A6: 2 | B6: [X] Pun One-Liners | C6: Main | D6: Single sentence, twist at the end
A7: 3 | B7: Short [X] Puns | C7: Main | D7: 1-5 words
A8: 4 | B8: Funny [X] Puns | C8: Main | D8: Strongest groaners
A9: 5 | B9: Cute [X] Puns | C9: Main | D9: Soft, sweet tone
A10: 6 | B10: [X] Puns for Instagram Captions | C10: Main | D10: Under ~8 words, standalone; link to Captions hub
A11: 7 | B11: [X] Puns for Kids | C11: Main | D11: Clean Q&A format; link to Kids hub
A12: 8 | B12: [X] Love Puns | C12: Main | D12: Second person; link to Love hub
A13: 9 | B13: [X] Birthday Puns | C13: Main | D13: Occasion-specific; link to Birthday hub
A14: 10 | B14: [X] Pickup Lines | C14: Main | D14: Flirty, clean
A15: 11 | B15: [X] Jokes | C15: Main | D15: Setup + punchline Q&A
A16: 12 | B16: Make Your Own [X] Pun (Pun Generator box) | C16: Border | D16: Embedded generator prefilled with [X]
... A21: 17 | B21: Related Puns (contextual bridges) | C21: Supplementary | D21: Sub-hub + 2 sibling pages, descriptive anchors

Sheet Seasonal Calendar
A1: Event | B1: Event Date | C1: Publish / Refresh By | D1: Pages | E1: Flag
A2: Halloween | B2: 2026-10-31 | C2: ASAP (27 days left) | D2: Halloween, Ghost, Witch, Skeleton, Pumpkin, Bat, Candy, Spider puns | E2: URGENT
A3: Thanksgiving (US) | B3: 2026-11-26 | C3: 2026-10-12 | D3: Thanksgiving, Turkey, Pie puns | E3: Next
A4: Christmas | B4: 2026-12-25 | C4: 2026-11-01 | D4: Christmas, Santa, Snowman, Elf, Reindeer, Cookie puns + Christmas Riddles bridge | E4: Next
A5: New Year | B5: 2027-01-01 | C5: 2026-11-20 | D5: New Year, Gym & Fitness puns
A6: Valentine's Day | B6: 2027-02-14 | C6: 2026-12-20 | D6: Valentine's Day, Love, Chocolate puns
A7: National Pun Day | B7: 2027-03-04 | C7: 2027-01-15 | D7: National Pun Day page; homepage feature
A8: St. Patrick's Day | B8: 2027-03-17 | C8: 2027-01-25 | D8: St. Patrick's Day puns
A9: Easter | B9: 2027-03-28 | C9: 2027-02-01 | D9: Easter, Rabbit, Egg puns
A10: Star Wars Day | B10: 2027-05-04 | C10: 2027-03-15 | D10: Star Wars puns (original wordplay only)
A11: Mother's Day (US) | B11: 2027-05-09 | C11: 2027-03-20 | D11: Mother's Day puns
A12: Graduation season | B12: 2027-05-15 | C12: 2027-03-25 | D12: Graduation puns
A13: Father's Day (US) | B13: 2027-06-20 | C13: 2027-04-25 | D13: Father's Day, Dad Joke puns
A14: Summer | B14: 2027-06-21 | C14: 2027-04-25 | D14: Summer, Beach, Ice Cream, Watermelon puns
A15: Fourth of July | B15: 2027-07-04 | C15: 2027-05-10 | D15: Fourth of July puns
A16: Back to School | B16: 2027-08-15 | C16: 2027-06-20 | D16: School, Teacher puns
A17: Fall | B17: 2027-09-23 | C17: 2027-07-25 | D17: Fall, Apple, Leaf, Corn puns
A19: Rule: publish or refresh 6-8 weeks before the event so pages are indexed before demand peaks.

Sheet Sources
A1: Source | B1: URL | C1: Used For
A2: Punpedia (competitor taxonomy benchmark) | B2: https://punpedia.org/ | C2: Category and topic coverage of an established pun site
A3: Flick: caption pun pages | B3: https://www.flick.social/captions/sports-puns-for-instagram-captions | C3: Caption pages built on best / short / funny / cute modifiers
A4: SuperSummary: Pun | B4: https://www.supersummary.com/pun/ | C4: Pun types (homophonic, homographic, homonymic, compound, recursive, visual)
A5: Lems: Teaching English using puns | B5: https://www.scribd.com/doc/179238494/Puns | C5: Texting puns as a pun category
A6: Verbivore: National Pun Day | B6: https://verbivore.com/?p=4784582 | C6: National Pun Day on March 4
A7: Punscrazy (competitor model) | B7: https://community.adobe.com/questions-712/can-anyone-help-me-to-imrove-punscrazy-com-1630608 | C7: Competitor mixing puns, jokes and slang meanings
A8: craftypuns.net indexed pages | B8: https://craftypuns.net/ | C8: Pages marked Live (verified)
